Date,pos_META,pos_AAPL,pos_AMZN,pos_NFLX,pos_GOOG,ret_META,ret_AAPL,ret_AMZN,ret_NFLX,ret_GOOG
2015-07-10,0,0,0,0,0,0.0,0.0,0.0,0.0,0.0
2015-07-13,0,0,0,0,0,0.0,0.0,0.0,0.0,0.0
2015-07-14,0,0,0,0,0,-0.0,-0.0,0.0,-0.0,0.0
2015-07-15,0,0,0,0,0,0.0,0.0,-0.0,-0.0,-0.0
2015-07-16,0,0,0,0,0,0.0,0.0,0.0,0.0,0.0
2015-07-17,1,1,1,1,1,0.0,0.0,0.0,-0.0,0.0
2015-07-20,1,1,1,1,1,0.030957089686000527,0.018901367237923905,0.01053813998417441,-0.03676913579106156,-0.01472669991446618
2015-07-21,1,1,1,1,1,0.004902376242793771,-0.00999477550520822,-0.0002049198104703276,0.017729525376449118,-0.0010857036201744608
2015-07-22,1,1,1,1,1,-0.01372090336087739,-0.04229460090720527,0.0005532874522176101,-0.008976998640596645,-0.00030213764996989134
2015-07-23,1,1,1,1,1,-0.016487945539761073,-0.0004789933011067893,-0.01247263120517228,-0.012556067496671819,-0.026914446463300434
2015-07-24,1,0,1,1,0,0.01582137088734248,-0.005273222417029766,0.09797177370770194,-0.006902835120466522,-0.03215983623830743
2015-07-27,1,0,1,0,0,-0.028674526737723194,-0.0,0.003758783055256787,-0.02661419544703625,0.0
2015-07-28,1,0,1,0,0,0.011893449521802602,0.0,-0.010123976048688199,0.0,0.0
2015-07-29,1,0,1,0,0,0.017840100401769865,-0.0,0.005646082569271016,0.0,0.0
2015-07-30,1,0,1,0,0,-0.018352275488409675,-0.0,0.014669133071491647,0.0,0.0
2015-07-31,0,0,1,0,0,-0.012603660190898869,-0.0,-0.0011363926292679016,0.0,-0.0
2015-08-03,0,0,1,0,0,0.0,-0.0,-0.0020890296168917244,-0.0,0.0
2015-08-04,0,0,1,0,0,-0.0,-0.0,-0.0058501342912083976,0.0,-0.0
2015-08-05,0,0,1,0,0,0.0,0.0,0.00960709908079349,0.0,0.0
2015-08-06,0,0,1,0,0,-0.0,0.0,-0.014059348338240185,0.0,-0.0
2015-08-07,0,0,0,0,0,-0.0,0.0,-0.01291878742396324,-0.0,-0.0
2015-08-10,0,0,0,0,0,-0.0,0.0,0.0,-0.0,-0.0
2015-08-11,0,0,0,0,0,-0.0,-0.0,0.0,-0.0,0.0
2015-08-12,0,0,0,0,0,0.0,0.0,-0.0,-0.0,-0.0
2015-08-13,0,0,0,0,0,-0.0,-0.0,0.0,0.0,-0.0
2015-08-14,0,0,0,0,0,0.0,0.0,0.0,-0.0,0.0
2015-08-17,0,0,0,0,0,-0.0,0.0,0.0,0.0,0.0
2015-08-18,0,0,0,0,0,0.0,-0.0,-0.0,-0.0,-0.0
2015-08-19,0,0,0,0,0,0.0,-0.0,-0.0,-0.0,0.0
2015-08-20,0,0,0,0,0,-0.0,-0.0,-0.0,-0.0,-0.0
2015-08-21,0,-1,0,1,1,-0.0,-0.0,-0.0,-0.0,-0.0
2015-08-24,0,-1,0,0,1,-0.0,0.02496255840944306,-0.0,-0.06810313479612318,-0.03734008650960274
2015-08-25,0,-1,0,0,0,0.0,-0.006012499084338874,0.0,0.0,-0.012805041736424938
2015-08-26,0,-1,0,0,0,0.0,-0.05735522476956878,0.0,0.0,0.0
2015-08-27,0,0,0,0,0,0.0,-0.029446420388836714,0.0,0.0,0.0
2015-08-28,1,0,0,0,0,0.0,0.0,-0.0,-0.0,-0.0
2015-08-31,1,0,0,0,0,-0.017360820582305148,-0.0,-0.0,-0.0,-0.0
2015-09-01,1,0,0,0,0,-0.024600191417130546,-0.0,-0.0,-0.0,-0.0
2015-09-02,1,0,0,0,0,0.03049397629697337,0.0,0.0,-0.0,0.0
2015-09-03,1,0,0,0,0,-0.019356913606150994,-0.0,-0.0,-0.0,-0.0
2015-09-04,1,0,1,0,0,0.001247822254516695,-0.0,-0.0,-0.0,-0.0
2015-09-08,1,0,1,0,0,0.014389258219261736,0.0,0.03715430931582686,-0.0,0.0
2015-09-09,1,0,1,0,0,0.010164301118342323,-0.0,-0.0012559887037673079,0.0,-0.0
2015-09-10,1,0,1,0,0,0.017027935779434955,0.0,0.010350361894030602,0.0,0.0
2015-09-11,1,0,1,0,0,0.0007610495523462379,0.0,0.013786788338058908,-0.0,0.0
2015-09-14,1,0,1,0,0,0.0028243079790808423,0.0,-0.01522362783587694,-0.0,-0.0
2015-09-15,1,0,1,0,0,0.006391618613797112,0.0,0.001898788264036888,0.0,0.0
2015-09-16,1,0,1,0,0,0.005920434692397114,0.0,0.009610025576882064,0.0,0.0
2015-09-17,1,0,1,0,0,0.009523698432809535,-0.0,0.02176762280390343,0.0,0.0
2015-09-18,1,1,1,1,1,0.0006359864502989421,-0.0,0.002579470675457829,-0.0,-0.0
2015-09-21,1,1,1,1,1,0.012182345093501912,0.015513610272153144,0.015048304717102612,-0.022607675236117508,0.009837153647227037
2015-09-22,1,1,1,1,1,-0.027106343701316815,-0.015710454270935315,-0.0182169721645149,-0.018245281908020994,-0.020064902688579633
2015-09-23,1,1,1,1,1,0.010864920218741858,0.008112633215302312,-0.004327669173923243,-0.004062166354424801,-0.0005299615148757209
2015-09-24,1,1,1,1,1,0.004682318671658692,0.0059484239768683445,-0.004327764104300469,0.058019806863592205,0.0055273709931420445
2015-09-25,0,1,0,1,0,-0.017371119799842072,-0.0025216609174588678,-0.01779860914172282,-0.014649231314252109,-0.02209971098239294
2015-09-28,0,1,0,1,0,-0.0,-0.01978877764324649,-0.0,-0.027093081973234234,-0.0
2015-09-29,0,0,0,1,0,-0.0,-0.030060570120924335,-0.0,-0.011259703758291661,0.0
2015-09-30,0,0,0,1,0,0.0,0.0,0.0,0.049923779748724195,0.0
2015-10-01,0,0,0,1,0,0.0,-0.0,0.0,0.026341285729537756,0.0
2015-10-02,0,0,0,1,0,0.0,0.0,0.0,0.0012266205821880316,0.0
2015-10-05,0,0,0,1,0,0.0,0.0,0.0,0.048440291773469424,0.0
2015-10-06,0,0,0,1,0,-0.0,0.0,-0.0,-0.0262471745523174,0.0
2015-10-07,0,0,0,1,0,-0.0,-0.0,0.0,-0.0021231732026765204,-0.0
2015-10-08,0,0,0,1,0,0.0,-0.0,-0.0,0.06318225649827158,-0.0
2015-10-09,0,0,0,1,0,0.0,0.0,0.0,-0.0139215041318419,0.0
2015-10-12,0,0,0,1,0,0.0,-0.0,0.0,0.001058811570182172,0.0
2015-10-13,0,0,0,1,0,-0.0,0.0,-0.0,-0.03278971962428279,0.0
2015-10-14,0,0,0,1,0,-0.0,-0.0,-0.0,0.004556638883656872,-0.0
2015-10-15,0,0,0,1,0,0.0,0.0,0.0,-0.0829175972121392,0.0
2015-10-16,0,0,0,0,0,0.0,-0.0,0.0,-0.020773553765912722,0.0
2015-10-19,0,0,0,0,0,0.0,0.0,0.0,0.0,0.0
2015-10-20,0,0,0,0,0,-0.0,0.0,-0.0,-0.0,-0.0
2015-10-21,0,0,0,0,0,0.0,-0.0,-0.0,-0.0,-0.0
2015-10-22,0,0,0,0,0,0.0,0.0,0.0,-0.0,0.0
2015-10-23,1,1,1,0,1,0.0,0.0,0.0,0.0,0.0
2015-10-26,1,1,1,0,1,0.015461402195372731,-0.03191136094199665,0.01599252433196474,0.0,0.015356427611149748
2015-10-27,1,0,1,0,1,-0.0006745816894457857,-0.006332389292520113,0.00394343961200283,0.0,-0.006018826061110594
2015-10-28,1,0,1,0,1,0.0048216403896457205,0.0,0.009967059911179632,0.0,0.006294993181869657
2015-10-29,1,0,1,0,1,0.0065259208710637395,0.0,0.015313558723775822,-0.0,0.0055686386648023944
2015-10-30,0,0,1,0,1,-0.02774602444072527,-0.0,-0.0010374052825049551,0.0,-0.008522709922171412
2015-11-02,0,0,1,0,1,0.0,0.0,0.003914346242011257,-0.0,0.014490665868401864
2015-11-03,0,0,1,0,1,-0.0,0.0,-0.004838081625234136,0.0,0.0014560863054704498
2015-11-04,0,0,1,0,1,0.0,-0.0,0.025011642785078614,0.0,0.008238981521645927
2015-11-05,0,0,1,0,1,0.0,-0.0,0.022934724903762138,-0.0,0.004312654017705864
2015-11-06,0,0,1,0,1,-0.0,0.0,0.005673667424738182,0.0,0.0034323245684435566
2015-11-09,0,0,1,0,1,-0.0,-0.0,-0.005884296824504642,-0.0,-0.01208824801066144
2015-11-10,0,0,1,0,1,0.0,-0.0,0.006392144735131389,0.0,0.0047317383479672515
2015-11-11,0,0,1,0,1,0.0,-0.0,0.02057049753208151,0.0,0.009720975476812166
2015-11-12,0,0,1,0,1,-0.0,-0.0,-0.0113627838741166,-0.0,-0.005670223108091621
2015-11-13,0,0,0,1,0,-0.0,-0.0,-0.03493084485460596,-0.0,-0.019460593322763176
2015-11-16,0,0,0,1,0,0.0,0.0,0.0,0.07428844027869785,0.0
2015-11-17,0,0,0,1,0,0.0,-0.0,-0.0,0.05163897690879948,-0.0
2015-11-18,0,0,0,1,0,0.0,0.0,0.0,0.03014516503240605,0.0
2015-11-19,0,0,0,1,0,-0.0,0.0,-0.0,-0.0033987900360598067,-0.0
2015-11-20,0,1,0,1,0,0.0,0.0,0.0,0.03011142139769074,0.0
2015-11-23,0,1,0,1,0,-0.0,-0.01299244563144919,0.0,0.009609193124969106,-0.0
2015-11-24,0,1,0,1,0,-0.0,0.009596277101248551,-0.0,-0.013756708289978214,-0.0
2015-11-25,0,1,0,1,0,-0.0,-0.007149823033473446,0.0,0.006893245643863732,-0.0
2015-11-27,1,1,0,1,0,0.0,-0.0018640363988675634,-0.0,0.010309268214748757,0.0
2015-11-30,1,1,0,1,0,-0.011474603581110077,0.004159284976014144,-0.0,-0.01682079535463299,-0.0
2015-12-01,1,1,0,1,0,0.02762858550258329,-0.008114945438865151,0.0,0.016540994772073825,0.0
2015-12-02,1,1,0,1,0,-0.009802135640580412,-0.009033523082645045,-0.0,0.028395867043213174,-0.0
2015-12-03,1,0,0,1,0,-0.015932839398956067,-0.009287978800569197,-0.0,-0.01644299416442707,-0.0
2015-12-04,1,0,0,1,0,0.017244603794337898,0.0,0.0,0.0324895134177714,0.0
2015-12-07,1,0,0,1,0,-0.0053682220169326555,-0.0,-0.0,-0.04254175801584681,-0.0
2015-12-08,1,0,0,1,0,0.008332496832137881,-0.0,0.0,0.012922804233364449,-0.0
2015-12-09,1,0,0,1,0,-0.01774798291016144,-0.0,-0.0,-0.021893261420673937,-0.0
2015-12-10,1,0,0,1,0,0.007839275873687157,0.0,-0.0,-0.010386419628258037,-0.0
2015-12-11,0,0,1,0,1,-0.03130325239660814,-0.0,-0.0,-0.032544137017490926,-0.0
2015-12-14,0,0,1,0,1,0.0,-0.0,0.027743513137480136,0.0,0.012045294298789422
2015-12-15,0,0,1,0,1,-0.0,-0.0,0.001109544564889875,-0.0,-0.005844027368896443
2015-12-16,0,0,1,0,1,0.0,0.0,0.02600821552275545,0.0,0.019760551744661514
2015-12-17,0,0,1,0,1,-0.0,-0.0,-0.007576557278937912,-0.0,-0.011423257766999595
2015-12-18,0,0,1,0,0,-0.0,-0.0,-0.009707014879053677,-0.0,-0.013503767771069097
2015-12-21,0,0,1,0,0,0.0,0.0,0.0005570351622559144,-0.0,0.0
2015-12-22,0,0,1,0,0,0.0,-0.0,-0.0020465299978816853,-0.0,0.0
2015-12-23,0,0,1,0,0,-0.0,0.0,0.0008293795242544366,0.0,0.0
2015-12-24,0,0,1,0,0,0.0,-0.0,-0.0013711528431936681,-0.0,-0.0
2015-12-28,0,0,1,0,0,0.0,-0.0,0.018723839029316514,-0.0,0.0
2015-12-29,0,0,1,0,0,0.0,0.0,0.027799268721593773,0.0,0.0
2015-12-30,0,0,1,0,0,-0.0,-0.0,-0.00706090278764171,-0.0,-0.0
2015-12-31,0,0,1,0,0,-0.0,-0.0,-0.0191272416128917,-0.0,-0.0
2016-01-04,0,0,1,0,0,-0.0,0.0,-0.05755368113308179,-0.0,-0.0
2016-01-05,0,0,1,0,0,0.0,-0.0,-0.005023621850138049,-0.0,0.0
2016-01-06,0,0,1,0,0,0.0,-0.0,-0.001798738144714651,0.0,0.0
2016-01-07,0,0,0,0,0,-0.0,-0.0,-0.03905794191457823,-0.0,-0.0
2016-01-08,0,-1,0,0,0,-0.0,0.0,-0.0,-0.0,-0.0
2016-01-11,0,-1,0,0,0,0.0,-0.01619192425086835,0.0,0.0,0.0
2016-01-12,0,-1,0,0,0,0.0,-0.01451351085916519,0.0,0.0,0.0
2016-01-13,0,-1,0,0,0,-0.0,0.025710377727305334,-0.0,-0.0,-0.0
2016-01-14,0,-1,0,0,0,0.0,-0.021870676028825864,0.0,0.0,0.0
2016-01-15,0,-1,0,0,0,-0.0,0.02401490999365985,-0.0,-0.0,-0.0
2016-01-19,0,-1,0,0,0,0.0,0.004839321694470877,0.0,0.0,0.0
2016-01-20,0,-1,0,0,0,-0.0,-0.0013453332359911752,-0.0,-0.0,-0.0
2016-01-21,0,-1,0,0,0,-0.0,0.00506256078259959,0.0,-0.0,0.0
2016-01-22,1,0,0,-1,0,0.0,-0.05316715932165783,0.0,-0.0,0.0
2016-01-25,1,0,0,-1,0,-0.00949567897267245,-0.0,0.0,0.015885608168481724,-0.0
2016-01-26,1,0,0,-1,0,0.0034017311645626602,0.0,0.0,0.013014536720962977,0.0
2016-01-27,1,0,0,-1,0,-0.029689808931563366,-0.0,-0.0,0.06828171501735891,-0.0
2016-01-28,1,0,0,-1,0,0.15521452547566228,0.0,0.0,-0.03576524499898004,0.0
2016-01-29,1,0,0,-1,1,0.028411644473437025,0.0,-0.0,0.027221769140235663,0.0
2016-02-01,1,0,0,-1,1,0.025666057145155685,-0.0,-0.0,-0.024499129896760508,0.012181178985599894
2016-02-02,1,0,0,-1,1,-0.004170510216672807,-0.0,-0.0,0.02763310208647607,0.01682189911355092
2016-02-03,1,0,0,-1,1,-0.016752574643892792,0.0,-0.0,0.008197617417335268,-0.04930351707302372
2016-02-04,1,0,0,-1,1,-0.019522677274292466,0.0,0.0,0.011351099884785554,-0.02605394737982214
2016-02-05,0,0,-1,-1,0,-0.058104638427636246,-0.0,-0.0,0.07713742324787354,-0.03451942268141461
2016-02-08,0,0,-1,-1,0,-0.0,0.0,0.02794096833428339,-0.0064017245251348776,-0.0
2016-02-09,0,0,-1,-1,0,-0.0,-0.0,0.012354038596669725,-0.033725366885332564,-0.0
2016-02-10,0,0,-1,-1,0,0.0,-0.0,-0.017445590692097612,-0.02693602425178465,0.0
2016-02-11,0,0,-1,-1,0,0.0,-0.0,-0.02719783935448805,0.023742210814884923,-0.0
2016-02-12,0,0,-1,-1,0,0.0,0.0,-0.006470569128270265,-0.012159850264183758,-0.0
2016-02-16,0,0,-1,-1,0,-0.0,0.0,-0.02764850560431298,-0.018878735664442203,0.0
2016-02-17,0,0,-1,-1,0,0.0,0.0,-0.024947212086624093,-0.06412126770117998,0.0
2016-02-18,0,0,-1,-1,0,-0.0,-0.0,0.01703800505545594,0.045061251331782626,-0.0
2016-02-19,0,1,0,0,0,0.0,-0.0,-0.018857174827938916,0.013924130142348168,0.0
2016-02-22,0,1,0,0,0,0.0,0.008746749409397347,0.0,0.0,0.0
2016-02-23,0,1,0,0,0,-0.0,-0.0226053361604428,-0.0,-0.0,-0.0
2016-02-24,0,1,0,0,0,0.0,0.014890704973824276,0.0,0.0,0.0
2016-02-25,0,1,0,0,0,0.0,0.006867809149813109,0.0,0.0,0.0
2016-02-26,0,1,0,0,0,-0.0,0.001550479720927589,0.0,0.0,-0.0
2016-02-29,0,1,0,0,0,-0.0,-0.0022703372780100706,-0.0,-0.0,-0.0
2016-03-01,0,1,0,0,0,0.0,0.039714337601601146,0.0,0.0,0.0
2016-03-02,0,1,0,0,0,0.0,0.0021885852257661487,0.0,-0.0,0.0
2016-03-03,0,1,0,0,0,-0.0,0.007444379071640084,-0.0,0.0,-0.0
2016-03-04,1,1,0,0,1,-0.0,0.014876957568514149,-0.0,0.0,-0.0
2016-03-07,1,1,0,0,1,-0.02454091573790318,-0.011067068598118013,-0.0,-0.0,-0.022127094371721445
2016-03-08,1,1,0,0,0,0.0018915536354524587,-0.008245923142953027,-0.0,0.0,-0.0017118852484376834
2016-03-09,1,1,0,0,0,0.01491566255805421,0.0008909029144621439,-0.0,0.0,0.0
2016-03-10,1,1,0,0,0,-0.0017672703894421327,0.0004943484919961438,-0.0,-0.0,0.0
2016-03-11,1,1,0,0,0,0.019474390798073005,0.010773665698398549,0.0,0.0,0.0
2016-03-14,1,1,0,0,0,0.004387091197444182,0.002542744936477881,0.0,0.0,0.0
2016-03-15,1,1,0,0,0,0.007097953986419547,0.02009375291835136,0.0,-0.0,-0.0
2016-03-16,1,1,0,0,0,0.01364430162710173,0.013291376246513664,-0.0,0.0,0.0
2016-03-17,1,1,0,0,0,-0.010340595100348127,-0.0016041923485641263,-0.0,0.0,0.0
2016-03-18,1,1,1,1,0,0.0038732702108135175,0.0011340503258070456,-0.0,0.0,-0.0
2016-03-21,1,1,1,1,0,0.003589013803311225,-9.443682204379744e-05,0.003441505326742922,-0.0005934057195257081,0.0
2016-03-22,1,1,1,1,0,0.0035761788480623835,0.0076482002490987355,0.011733303365531578,-0.012072048784641853,-0.0
2016-03-23,1,1,1,1,0,0.0025835197046890634,-0.005528586403814151,0.016325308843260222,-0.002504006502102807,-0.0
2016-03-24,1,1,1,1,0,0.004531848068939137,-0.00433423060872562,0.023383545256862037,-0.012350595167871181,-0.0
2016-03-28,1,1,1,1,0,0.005661135565221409,-0.004542418403476467,-0.005283449127727047,0.0289751774749496,-0.0
2016-03-29,1,1,1,1,0,0.02154983617792383,0.02367148032874411,0.024126133219094736,0.028850886230205486,0.0
2016-03-30,1,1,1,1,0,-0.01239887757863245,0.017458780762695802,0.008133194378816988,-0.018630508625582798,0.0
2016-03-31,1,1,1,1,0,-0.005231147476690623,-0.005202524831871225,-0.00843510117909696,0.0003914366823729587,-0.0
2016-04-01,1,1,1,1,0,0.017178043961244338,0.009175361935906512,0.008186781113585173,0.033943005745516786,0.0
2016-04-04,1,1,1,1,0,-0.030242849202051003,0.01027365539858116,-0.008872151103062609,-0.012771982148515493,-0.0
2016-04-05,1,1,1,1,0,-0.0029320470857202574,-0.011789117850254605,-0.011884924360712312,0.005654086975683814,-0.0
2016-04-06,1,1,1,1,0,0.013277372443023738,0.010472679429210485,0.0271948990544153,-0.001048223821158989,0.0
2016-04-07,1,1,1,1,0,-0.0006155453902280117,-0.021809743092253142,-0.017688656382376045,-0.0036249630465992055,-0.0
2016-04-08,0,0,1,1,1,-0.026487186162544307,0.0011053448725566462,0.005359848498285968,-0.00612732798800919,-0.0
2016-04-11,0,0,1,1,1,-0.0,0.0,0.0022367881300682235,-0.010885244966701402,-0.004126543023838303
2016-04-12,0,0,1,1,1,0.0,0.0,0.012149125841996566,0.041877707820196175,0.009496033084017697
2016-04-13,0,0,1,1,1,-0.0,0.0,0.019314572589733903,0.02495791816379911,0.01161363417868988
2016-04-14,0,0,1,1,1,0.0,0.0,0.009645137346663946,0.00702231310853807,0.0019688378553146535
2016-04-15,0,0,1,1,1,-0.0,-0.0,0.008280304996334698,0.009871436201415396,0.007700574070423238
2016-04-18,0,0,1,1,1,0.0,-0.0,0.015114463162838598,-0.02788988028672179,0.010026365410152671
2016-04-19,0,0,1,0,1,0.0,-0.0,-0.011725803630660003,-0.12970484308186714,-0.016540483658167293
2016-04-20,0,0,1,0,1,0.0,0.0,0.008106368266093344,0.0,-0.0016712607743490926
2016-04-21,0,0,1,0,1,0.0,-0.0,-0.003143830280532889,-0.0,0.008596249386248367
2016-04-22,0,0,1,0,0,-0.0,-0.0,-0.016640241877203477,0.0,-0.05317876763255558
2016-04-25,0,0,1,0,0,-0.0,-0.0,0.00918613540423352,-0.0,0.0
2016-04-26,0,0,1,0,0,-0.0,-0.0,-0.014883411409137182,-0.0,-0.0
2016-04-27,0,0,1,0,0,0.0,-0.0,-0.016713108458223047,-0.0,-0.0
2016-04-28,0,0,1,0,0,0.0,-0.0,-0.00753417942126311,-0.0,-0.0
2016-04-29,0,0,1,0,0,0.0,-0.0,0.09566443185819673,-0.0,0.0
2016-05-02,0,0,1,0,0,0.0,-0.0,0.03678046234647003,0.0,0.0
2016-05-03,0,0,1,0,0,-0.0,0.0,-0.0183227069227061,-0.0,-0.0
2016-05-04,0,0,1,0,0,0.0,-0.0,-0.000625743965934844,-0.0,0.0
2016-05-05,0,0,1,0,0,-0.0,-0.0,-0.01760321687769084,-0.0,0.0
2016-05-06,1,-1,1,0,0,0.0,-0.0,0.022546240090086433,0.0,0.0
2016-05-09,1,-1,1,0,0,-0.0020921461709022537,-0.0007548336113161191,0.008606007269745364,-0.0,0.0
2016-05-10,1,-1,1,0,0,0.010566868478674385,-0.006789368844590804,0.03430674196057093,0.0,0.0
2016-05-11,1,-1,1,0,0,-0.00813287239942706,0.00974092148425032,0.014450891828668544,-0.0,-0.0
2016-05-12,1,-1,1,0,0,0.006358936863496867,0.023456668814898496,0.006589756930776014,-0.0,-0.0
2016-05-13,1,0,1,1,0,-0.003907651077163288,-0.0019919644455757,-0.011157111565377131,0.0,-0.0
2016-05-16,1,0,1,1,0,-0.00951509272453277,0.0,0.0010424432376223702,0.014110213153378792,0.0
2016-05-17,1,0,1,1,0,-0.01112328452016953,-0.0,-0.021655945513589514,-0.005498266136250263,-0.0
2016-05-18,1,0,1,1,0,0.002556607033217251,0.0,0.003135505889745094,0.021098982337042882,0.0
2016-05-19,0,0,1,1,0,-0.007139957801510555,-0.0,0.0015340830839882802,-0.010497203847979919,-0.0
2016-05-20,0,0,1,1,1,0.0,0.0,0.006127260778355126,0.03283076171770172,0.0
2016-05-23,0,0,1,1,1,-0.0,0.0,-0.008608362806592496,0.02594876831345494,-0.007749248983383916
2016-05-24,0,0,1,1,1,0.0,0.0,0.010692430348859583,0.03161555505634528,0.022506519230133692
2016-05-25,0,0,1,1,1,0.0,0.0,0.005893225309828942,0.023597891235026758,0.007193456432720735
2016-05-26,0,0,1,1,1,0.0,0.0,0.0092609336974534,0.026047911076282126,-0.0015855284570583938
2016-05-27,0,0,1,1,1,-0.0,-0.0,-0.003734712076280511,0.00476612688260003,0.011793551428568083
2016-05-31,0,0,1,1,1,-0.0,-0.0,0.014812427266666317,-0.007066828028725491,0.00417651733079083
2016-06-01,0,0,1,1,1,-0.0,-0.0,-0.004634805235053108,-0.010334382000073639,-0.0021339183598209077
2016-06-02,0,0,1,1,1,0.0,-0.0,0.012231697576333245,-0.002561344998116888,-0.005107955762997829
2016-06-03,0,0,1,0,0,-0.0,0.0,-0.003707522964191301,-0.016395097897376587,-0.011035155120245888
2016-06-06,0,0,1,0,0,0.0,0.0,0.0016400979284734163,0.0,-0.0
2016-06-07,0,0,1,0,0,-0.0,0.0,-0.004114265077721169,-0.0,0.0
2016-06-08,0,0,1,0,0,0.0,-0.0,0.004006976446323973,-0.0,0.0
2016-06-09,0,0,1,0,0,0.0,0.0,0.0013899306777587217,-0.0,0.0
2016-06-10,1,1,0,0,0,-0.0,-0.0,-0.013385542934204464,-0.0,-0.0
2016-06-13,0,1,0,0,0,-0.02289487032682147,-0.01507601324933494,-0.0,0.0,-0.0
2016-06-14,0,1,0,0,0,0.0,0.001232534869321178,0.0,0.0,-0.0
2016-06-15,0,0,0,0,0,-0.0,-0.0032831993701578632,-0.0,0.0,0.0
2016-06-16,0,0,0,0,0,-0.0,0.0,0.0,0.0,-0.0
2016-06-17,0,0,0,0,0,-0.0,-0.0,-0.0,-0.0,-0.0
2016-06-20,0,0,0,0,0,0.0,-0.0,0.0,-0.0,0.0
2016-06-21,0,0,0,0,0,0.0,0.0,0.0,-0.0,0.0
2016-06-22,0,0,0,0,0,-0.0,-0.0,-0.0,-0.0,0.0
2016-06-23,0,0,0,0,0,0.0,0.0,0.0,0.0,0.0
2016-06-24,0,0,0,0,0,-0.0,-0.0,-0.0,-0.0,-0.0
2016-06-27,0,0,0,0,0,-0.0,-0.0,-0.0,-0.0,-0.0
2016-06-28,0,0,0,0,0,0.0,0.0,0.0,0.0,0.0
2016-06-29,0,0,0,0,0,0.0,0.0,0.0,0.0,0.0
2016-06-30,0,0,0,0,0,0.0,0.0,0.0,0.0,0.0
2016-07-01,0,0,0,1,1,-0.0,0.0,0.0,0.0,0.0
2016-07-05,0,0,0,1,1,0.0,-0.0,0.0,0.012827200958429374,-0.0060925723394776865
2016-07-06,0,0,0,1,1,0.0,0.0,0.0,-0.03380660876503705,0.004057837027290345
2016-07-07,0,0,0,1,1,-0.0,0.0,-0.0,0.005285412347409091,-0.003453898317735571
2016-07-08,1,1,1,1,1,0.0,0.0,0.0,0.020609875035970893,0.014769546881861162
2016-07-11,1,1,1,1,1,0.005373630344648994,0.0031031505243614976,0.010686328376066534,-0.024623938283180213,0.013406309816064166
2016-07-12,1,1,1,1,1,0.0005090265264950933,0.004537075700718152,-0.0073894136050352,0.013731943349548414,0.007761418556828659
2016-07-13,1,1,1,1,1,-0.009751464838505641,-0.005645793844136215,-0.007457781419643927,0.004793154929890964,-0.005078893019413444
2016-07-14,1,1,1,1,1,0.004367175630375142,0.0198202945699395,-0.0019255583636400564,0.01648860658362228,0.00553701586332922
2016-07-15,1,1,0,1,1,-0.003666215422700181,-0.00010114732014154804,-0.007771235927900411,0.003774767998915296,-0.0015258791598746768
2016-07-18,1,1,0,1,1,0.021478691738617606,0.010629747205078477,0.0,0.004268707912905123,0.019351434966782932
2016-07-19,1,1,0,0,1,0.010387903642666396,0.0004005417104855358,0.0,-0.13126203361164934,0.004333556103827796
2016-07-20,1,1,0,0,1,0.010861435044478895,0.0009013181296619877,0.0,0.0,0.005739836069606374
2016-07-21,1,1,0,0,1,-0.010744731837554866,-0.005302156117100276,-0.0,-0.0,-0.0034538669972054015
2016-07-22,1,0,0,0,1,0.0032335701159948993,-0.007744345594184576,0.0,-0.0,0.005564413296810677
2016-07-25,1,0,0,0,1,0.005206647836792255,-0.0,-0.0,0.0,-0.003998831739213116
2016-07-26,1,0,0,0,1,-0.003370988407351838,-0.0,-0.0,0.0,-0.0018247407768454682
2016-07-27,1,0,0,0,1,0.01748885565940883,0.0,0.0,0.0,0.004536746491878185
2016-07-28,1,0,0,0,1,0.013458830751942097,0.0,0.0,-0.0,0.005581245358670772
2016-07-29,1,0,0,0,1,-0.008479995568552168,-0.0,0.0,-0.0,0.030673790892226105
2016-08-01,1,0,0,0,1,0.0029852841021280607,0.0,0.0,0.0,0.0053200402270339175
2016-08-02,1,0,0,0,1,-0.009814229963434618,-0.0,-0.0,-0.0,-0.0023418121403906422
2016-08-03,1,0,0,0,1,-0.004712000809239836,0.0,-0.0,-0.0,0.0027365348270356193
2016-08-04,1,0,0,0,1,0.015100838723834498,0.0,0.0,0.0,-0.0020307299917956545
2016-08-05,1,0,0,0,1,0.0063525586404749035,0.0,0.0,0.0,0.013750452219264186
2016-08-08,1,0,0,0,1,0.0008789095265413494,0.0,0.0,-0.0,-0.0005879390688113828
2016-08-09,1,0,0,0,1,-0.0015966307554975412,0.0,0.0,-0.0,0.003197982596316651
2016-08-10,1,0,0,0,1,-0.0014392840703454368,-0.0,0.0,-0.0,0.0005354770961842892
2016-08-11,1,0,0,0,1,0.00016013046483620563,-0.0,0.0,0.0,0.00021664104761454084
2016-08-12,1,0,1,1,1,-0.0001601048271758776,0.0,0.0,0.0,-0.0020769742045499973
2016-08-15,1,0,1,1,1,-0.007847622185538028,0.0,-0.005268169437032899,-0.013251877293992131,-0.000995680090105533
2016-08-16,1,0,1,1,1,-0.00484265491638336,-0.0,-0.005790572427475604,-0.0019934405296245794,-0.00677377950330138
2016-08-17,1,0,1,1,1,0.008678099169489029,-0.0,0.0007721861215197467,0.013141294826601646,0.0035642351602471756
2016-08-18,1,0,1,1,1,-0.0036986591465617558,-0.0,-0.0002223074112381873,-0.0021790918178644647,-0.003090134538158096
2016-08-19,0,1,0,1,0,-0.0028246849774647975,0.0,-0.009352959551613638,-0.0030158163943749816,-0.002675075892286438
2016-08-22,0,1,0,1,0,0.0,-0.007772718572376491,0.0,-0.006362789119387036,-0.0
2016-08-23,0,1,0,1,0,0.0,0.003133304952475102,0.0,0.007138361221148415,-0.0
2016-08-24,0,1,0,1,0,-0.0,-0.007533316253164779,-0.0,-0.00792163974244875,-0.0
2016-08-25,0,0,0,1,0,0.0,-0.004257890932486075,0.0,0.02248370858149773,-0.0
2016-08-26,0,0,0,1,0,0.0,-0.0,0.0,0.002671620808115227,0.0
2016-08-29,0,0,0,1,0,0.0,-0.0,0.0,-0.0028694278954990438,0.0
2016-08-30,0,0,0,1,0,-0.0,-0.0,-0.0,0.0015415610665971968,-0.0
2016-08-31,0,0,0,1,0,0.0,0.0,0.0,0.0,-0.0
2016-09-01,0,0,0,1,0,0.0,0.0,0.0,-0.0007183139765658542,0.0
2016-09-02,0,0,0,1,0,0.0,0.0,0.0,0.0,0.0
2016-09-06,0,0,0,1,0,0.0,-0.0,0.0,0.027829114406527022,0.0
2016-09-07,0,0,0,1,0,0.0,0.0,-0.0,-0.009391496117538312,0.0
2016-09-08,0,0,0,1,0,-0.0,-0.0,-0.0,0.005143743100168852,-0.0
2016-09-09,0,0,0,0,0,-0.0,-0.0,-0.0,-0.0317078421231366,-0.0
2016-09-12,0,0,0,0,0,0.0,0.0,0.0,0.0,0.0
2016-09-13,0,0,0,0,0,-0.0,0.0,-0.0,-0.0,-0.0
2016-09-14,0,0,0,0,0,0.0,0.0,0.0,0.0,0.0
2016-09-15,0,0,0,0,0,0.0,0.0,0.0,0.0,0.0
2016-09-16,1,1,1,0,1,0.0,-0.0,0.0,0.0,-0.0
2016-09-19,1,1,1,0,1,-0.003254169845600785,-0.011660455417077609,-0.004392889723924931,-0.0,-0.004135925465024393
2016-09-20,1,1,1,0,1,-7.756981178641542e-05,-8.772174341076244e-05,0.006605612482086798,0.0,0.0074570850433939295
2016-09-21,1,1,1,0,1,0.01010568393924327,-0.00017633690446050565,0.012201633012272062,-0.0,0.006235422913989153
2016-09-22,1,1,1,0,1,0.0010773227808160701,0.009423247352101427,0.018942971304031886,0.0,0.014158350585655288
2016-09-23,1,1,1,0,1,-0.016297655609062156,-0.016663724432925187,0.001304780986036036,0.0,-0.0003937357856258483
2016-09-26,1,1,1,0,1,-0.005079784215354599,0.0015083835869817985,-0.00817867337251732,-0.0,-0.016126585496186285
2016-09-27,1,1,1,0,1,0.010839857081319515,0.0018598371538249836,0.021209766342872083,0.0,0.011366385170230364
2016-09-28,1,1,1,0,1,0.004196056980573681,0.007605048595995312,0.015451367903480895,0.0,-0.0018519003585978355
2016-09-29,1,1,1,0,1,-0.00882162472718473,-0.01553299163668731,0.00039816983651275173,-0.0,-0.008380611957262252
2016-09-30,0,1,1,0,1,0.0014053575586212563,0.0077551077249737865,0.009963259640341393,0.0,0.0029418679518469215
2016-10-03,0,1,1,0,1,0.0,-0.004688101825580437,-0.0006807419549713645,0.0,-0.006085277090309371
2016-10-04,0,1,1,0,1,-0.0,0.004265892189458054,-0.003238804305774279,-0.0,0.005009409608350168
2016-10-05,0,0,1,0,1,0.0,0.0004424042080171109,0.01238561122333226,0.0,5.154509641891458e-05
2016-10-06,0,0,1,0,1,0.0,0.0,-0.0031976485459955795,-0.0,0.0005022667296519234
2016-10-07,0,0,1,1,0,0.0,0.0,-0.002649520849079434,-0.0,-0.0022911522426218855
2016-10-10,0,0,1,1,0,0.0,0.0,0.002716090966689011,-0.014214824156721484,0.0
2016-10-11,0,0,1,0,0,-0.0,0.0,-0.012724087581184262,-0.02651703711032538,-0.0
2016-10-12,0,0,1,0,0,0.0,0.0,0.0037183888517926533,-0.0,0.0
2016-10-13,0,0,1,0,0,-0.0,-0.0,-0.005766706205961869,0.0,-0.0
2016-10-14,0,0,0,0,0,0.0,0.0,-0.007621114382127869,0.0,0.0
2016-10-17,0,0,0,0,0,-0.0,-0.0,-0.0,-0.0,0.0
2016-10-18,0,0,0,0,0,0.0,-0.0,0.0,0.0,0.0
2016-10-19,0,0,0,0,0,0.0,-0.0,0.0,0.0,0.0
2016-10-20,0,0,0,0,0,-0.0,-0.0,-0.0,0.0,-0.0
2016-10-21,0,0,0,0,0,0.0,-0.0,0.0,0.0,0.0
2016-10-24,0,0,0,0,0,0.0,0.0,0.0,-0.0,0.0
2016-10-25,0,0,0,0,0,-0.0,0.0,-0.0,-0.0,-0.0
2016-10-26,0,0,0,0,0,-0.0,-0.0,-0.0,0.0,-0.0
2016-10-27,0,0,0,0,0,-0.0,-0.0,-0.0,-0.0,-0.0
2016-10-28,1,1,0,0,0,0.0,-0.0,-0.0,0.0,0.0
2016-10-31,1,1,0,0,0,-0.002285095113093605,-0.001582892889842702,0.0,-0.0,-0.0
2016-11-01,1,0,0,0,0,-0.011374756313406453,-0.018055085524782744,-0.0,-0.0,-0.0
2016-11-02,0,0,0,0,0,-0.017992358902532923,0.0,-0.0,-0.0,-0.0
2016-11-03,0,0,0,0,0,-0.0,-0.0,0.0,-0.0,-0.0
2016-11-04,0,0,0,1,1,0.0,-0.0,-0.0,-0.0,-0.0
2016-11-07,0,0,0,1,1,0.0,0.0,0.0,0.020896526077737176,0.026902251215768613
2016-11-08,0,0,0,1,1,0.0,0.0,0.0,-0.001926517014259943,0.010210628634680363
2016-11-09,0,0,0,1,1,-0.0,-0.0,-0.0,-0.017291249475686166,-0.00657791618634973
2016-11-10,0,0,0,0,1,-0.0,-0.0,-0.0,-0.05540554985836388,-0.02896963550555709
2016-11-11,0,0,1,0,0,-0.0,0.0,-0.0,-0.0,-0.01119894929955323
2016-11-14,0,0,1,0,0,-0.0,-0.0,-0.02698208778702238,-0.0,-0.0
2016-11-15,0,0,1,0,0,0.0,0.0,0.03361285959439342,0.0,0.0
2016-11-16,0,0,1,0,0,-0.0,0.0,0.0043728080913219,0.0,0.0
2016-11-17,0,0,1,0,0,0.0,-0.0,0.013275426153116943,-0.0,0.0
2016-11-18,0,0,1,0,0,-0.0,0.0,0.0049709076377260075,0.0,-0.0
2016-11-21,0,0,1,0,0,0.0,0.0,0.026099784123540415,0.0,0.0
2016-11-22,0,0,1,0,0,-0.0,0.0,0.006833296555739166,0.0,-0.0
2016-11-23,0,0,1,0,0,-0.0,-0.0,-0.006634104297313703,-0.0,-0.0
2016-11-25,1,1,1,0,0,-0.0,0.0,0.00032048307371135287,-0.0,0.0
2016-11-28,1,1,1,0,0,0.00024933403580496005,-0.0019679210382221868,-0.017427637731796786,-0.0,0.0
2016-11-29,1,1,1,0,0,0.003820171310348952,-0.0009860488938572276,-0.005542770856085788,0.0,0.0
2016-11-30,1,1,1,0,0,-0.02026984544132504,-0.008433413314244076,-0.01567171630962705,-0.0,-0.0
2016-12-01,0,1,1,0,0,-0.028035688066822884,-0.009319756306501281,-0.009219677712789642,0.0,-0.0
2016-12-02,0,0,0,1,0,0.0,0.0037445788288887893,-0.004451035987987906,0.0,0.0
2016-12-05,0,0,0,1,0,0.0,-0.0,0.0,-0.013657759538353687,0.0
2016-12-06,0,0,0,1,0,-0.0,0.0,0.0,0.04540110663352648,-0.0
2016-12-07,0,0,0,1,0,0.0,0.0,0.0,0.006582641862672212,0.0
2016-12-08,0,0,0,1,0,0.0,0.0,-0.0,-0.017146515163444565,0.0
2016-12-09,0,0,0,1,1,0.0,0.0,0.0,-0.002921134506586931,0.0
2016-12-12,0,0,0,1,1,-0.0,-0.0,-0.0,-0.0004068637978578149,-2.530397125388717e-05
2016-12-13,0,0,0,1,1,0.0,0.0,0.0,0.007734241912239481,0.00865349587588371
2016-12-14,0,0,0,1,1,-0.0,0.0,-0.0,-0.0027467792958767445,0.0012184813947115902
2016-12-15,0,0,0,1,1,0.0,0.0,-0.0,0.012637698701717381,0.000978571651606197
2016-12-16,0,0,0,1,1,-0.0,0.0,-0.0,-0.006239990234375048,-0.008836179880387096
2016-12-19,0,0,0,1,1,-0.0,0.0,0.0,0.009901752660215424,0.00429928919908007
2016-12-20,0,0,0,1,1,-0.0,0.0,0.0,-0.0026304839353348264,0.002795342095960107
2016-12-21,0,0,0,1,1,-0.0,0.0,-0.0,0.011029389571010517,-0.0023353844747135977
2016-12-22,0,0,0,1,1,-0.0,-0.0,-0.0,-0.007272712797986691,-0.004153456900658048
2016-12-23,1,0,0,1,1,-0.0,0.0,-0.0,7.95867709046938e-05,-0.0017059987412519906
2016-12-27,1,0,0,1,1,0.006310289365388577,0.0,0.0,0.021976350394974142,0.0020762144784987058
2016-12-28,1,0,0,1,1,-0.00923656138991924,-0.0,0.0,-0.019166393431124362,-0.00821176171004323
2016-12-29,1,0,0,1,1,-0.004875043685452107,-0.0,-0.0,-0.004448308533710255,-0.002878803742122016
2016-12-30,0,1,1,0,0,-0.011173209421440178,-0.0,-0.0,-0.012207761565018682,-0.014014004682227466
2017-01-03,0,1,1,0,0,0.0,0.0028490990404188565,0.005067508446695346,0.0,0.0
2017-01-04,0,1,1,0,0,0.0,-0.0011189205406265668,0.004657284610836365,0.0,0.0
2017-01-05,0,1,1,0,0,0.0,0.00508546136094723,0.03073239887913859,0.0,0.0
2017-01-06,0,1,1,0,0,0.0,0.011147968273724995,0.01991160088348276,-0.0,0.0
2017-01-09,0,1,1,0,0,0.0,0.009159493071973834,0.0011683855384734265,-0.0,0.0
2017-01-10,0,1,1,0,0,-0.0,0.0010086309264709659,-0.001279990502987438,-0.0,-0.0
2017-01-11,0,1,1,0,0,0.0,0.005372972884429172,0.003920142024267603,0.0,0.0
2017-01-12,0,1,1,0,0,0.0,-0.004175301062417258,0.01829738902683742,-0.0,-0.0
2017-01-13,0,1,1,0,0,0.0,-0.0017607183914062352,0.004301638082535586,0.0,0.0
2017-01-17,0,1,1,0,0,-0.0,0.008064336342906708,-0.009080412088530276,-0.0,-0.0
2017-01-18,0,1,1,0,0,0.0,-8.343124390541856e-05,-0.002766376316502117,0.0,0.0
2017-01-19,0,1,1,0,0,-0.0,-0.001750066402617989,0.001931914448134897,0.0,-0.0
2017-01-20,0,1,1,0,0,-0.0,0.0018367189880685864,-0.0008775727540912825,0.0,0.0
2017-01-23,0,1,1,0,0,0.0,0.0006668299007106526,0.011814504334756615,-0.0,0.0
2017-01-24,0,1,1,0,0,0.0,-0.0009160993829444575,0.005575405566935476,0.0,0.0
2017-01-25,0,1,1,0,0,0.0,0.015920606527911163,0.017119754327643122,-0.0,0.0
2017-01-26,0,1,1,0,0,0.0,0.0004923232038749337,0.0031439832513029398,-0.0,-0.0
2017-01-27,1,1,1,1,1,-0.0,8.183269437833651e-05,-0.004027854767751027,0.0,-0.0
2017-01-30,1,1,1,1,0,-0.009078372160525983,-0.002623923169522979,-0.0064491599651470555,-0.008634578826884565,-0.025494721748872684
2017-01-31,1,1,1,1,0,-0.005038966452174498,-0.0023020494411813974,-0.008309477885662386,-0.0036113475600307865,-0.0
2017-02-01,1,1,1,1,0,0.022329731994207513,0.06098074428541844,0.010771373223389613,0.0004974206672594406,-0.0
2017-02-02,1,1,1,1,0,-0.01793897255385135,-0.0017090757082781627,0.009130799911785559,-0.011223198215335128,0.0
2017-02-03,0,1,0,1,0,0.0010700296191332725,0.004279167932207395,-0.03541884643413129,0.007543125537195383,0.0
2017-02-06,0,1,0,1,0,0.0,0.009373966622304719,-0.0,0.0051336985433378945,-0.0
2017-02-07,0,1,0,1,0,-0.0,0.009517437594700251,0.0,0.02149392603432765,0.0
2017-02-08,0,1,0,1,0,0.0,0.0038772840783452,0.0,0.005138927035861496,0.0
2017-02-09,0,1,0,1,0,-0.0,0.007226035039404444,0.0,-0.0041454061126449115,0.0
2017-02-10,0,1,0,1,0,0.0,-0.0022654760754002856,0.0,0.004717690699665322,0.0
2017-02-13,0,1,0,1,0,-0.0,0.008855567963122812,0.0,-0.01118637131642819,0.0
2017-02-14,0,1,0,1,0,-0.0,0.012979071939724696,-0.0,-0.016620039628098993,0.0
2017-02-15,0,1,0,1,0,-0.0,0.0036290117803117194,0.0,0.010296810629357278,-0.0
2017-02-16,0,1,0,1,0,0.0,-0.0011804718023781247,0.0,-0.0018275796571078917,0.0
2017-02-17,0,1,0,0,0,-0.0,0.002733747748003168,0.0,0.0014788164353958244,0.0
2017-02-21,0,1,0,0,0,0.0,0.007220708389024333,0.0,0.0,0.0
2017-02-22,0,1,0,0,0,0.0,0.002999283840292577,-0.0,0.0,-0.0
2017-02-23,0,1,0,0,0,-0.0,-0.004229955754648351,-0.0,-0.0,0.0
2017-02-24,0,1,0,0,1,0.0,0.0009523704443685777,-0.0,0.0,-0.0
2017-02-27,0,1,0,0,1,0.0,0.001975210006108341,0.0,0.0,0.0007724803795268187
2017-02-28,0,1,0,0,1,-0.0,0.0004381838281251049,-0.0,-0.0,-0.007319699338493524
2017-03-01,0,1,0,0,1,0.0,0.020439662393506586,0.0,0.0,0.014613627534971085
2017-03-02,0,1,0,0,1,-0.0,-0.005937458301471188,-0.0,-0.0,-0.00551932494884233
2017-03-03,1,1,1,0,1,0.0,0.005901007891389698,0.0,-0.0,-0.0018662311757339234
2017-03-06,1,1,1,0,1,0.0018224868892982027,-0.0031481437859228745,-0.003847553226356548,0.0,-0.001567952434606834
2017-03-07,1,1,1,0,1,-0.0008732201826477937,0.001292228868537082,-0.0006969647787669064,-0.0,0.004989358892530493
2017-03-08,1,1,1,0,1,0.0030591654085079245,-0.0037272520451683278,0.005295450345943475,-0.0,0.004159041173048772
2017-03-09,1,1,1,0,1,0.0037756735545666498,-0.002302374943755292,0.002939447278418772,0.0,0.003962319982947937
2017-03-10,1,1,1,0,1,0.0039783705117695245,0.0033171161626965873,-0.0006330697838242694,0.0,0.005448967359685364
2017-03-13,1,1,1,0,1,0.005836386703511831,0.00043140148451326077,0.002498620827174447,0.0,0.0027157307968537214
2017-03-14,1,1,1,0,1,-0.0020057689778210097,-0.0015087810180043348,-0.002410527652102701,-0.0,9.457329184825447e-05
2017-03-15,1,1,1,0,1,0.002871001420017727,0.010576123200795706,0.0005160958454508702,0.0,0.0018684861537718866
2017-03-16,1,1,1,0,1,0.0019326225879714443,0.001637539805954269,0.0005276363750852386,-0.0,0.0018650014244334656
2017-03-17,1,1,1,1,1,-0.0010717056867191044,-0.00497526701235429,-0.001300649824284017,0.0,0.003935014342258514
2017-03-20,1,1,1,1,1,0.0007152735775963759,0.01050069062600878,0.005467444629579932,0.004961761544171273,-0.004365637954402701
2017-03-21,1,1,1,1,1,-0.010218852215675422,-0.011452038558528832,-0.01606822787173301,-0.023383416438956695,-0.021145690908480175
2017-03-22,1,1,1,1,1,0.0077972469716045545,0.01129862422405914,0.00576375786046146,0.0016149117434072213,-0.0010476345344593296
2017-03-23,1,1,1,0,0,-0.00042982279488423814,-0.0035357334691189513,-0.0008018394176448895,-0.005678216566777694,-0.01447698157429611
2017-03-24,1,1,0,0,0,0.0058053229618018065,-0.001986998988976363,-0.002088814407849471,0.0,-0.0
2017-03-27,1,1,0,0,0,-0.00014232623645782372,0.001707084723517438,0.0,0.0,0.0
2017-03-28,1,1,0,0,0,0.010262077296007366,0.02072671523931202,0.0,0.0,0.0
2017-03-29,1,1,0,0,0,0.006278143560887628,0.002225178543215689,0.0,0.0,0.0
2017-03-30,1,1,0,0,0,-0.001682410384363786,-0.0013184805693752244,0.0,0.0,0.0
2017-03-31,1,0,0,0,0,-0.002527868488741536,-0.0018760135860855787,0.0,-0.0,-0.0
2017-04-03,1,0,0,0,0,0.0016190479587296913,0.0,0.0,-0.0,0.0
2017-04-04,1,0,0,0,0,-0.0038656221516205624,0.0,0.0,-0.0,-0.0
2017-04-05,1,0,0,0,0,0.0008468823129310632,-0.0,0.0,-0.0,-0.0
2017-04-06,1,0,0,0,0,-0.004793964927091499,-0.0,-0.0,0.0,-0.0
2017-04-07,0,0,0,0,0,-0.002762469994666672,-0.0,-0.0,-0.0,-0.0
2017-04-10,0,0,0,0,0,0.0,-0.0,0.0,0.0,0.0
2017-04-11,0,0,0,0,0,-0.0,-0.0,-0.0,0.0,-0.0
2017-04-12,0,0,0,0,0,-0.0,0.0,-0.0,-0.0,0.0
2017-04-13,0,0,0,0,0,-0.0,-0.0,-0.0,-0.0,-0.0
2017-04-17,0,0,0,0,0,0.0,0.0,0.0,0.0,0.0
2017-04-18,0,0,0,0,0,-0.0,-0.0,0.0,-0.0,-0.0
2017-04-19,0,0,0,0,0,0.0,-0.0,-0.0,-0.0,0.0
2017-04-20,0,0,0,0,0,0.0,0.0,0.0,0.0,0.0
2017-04-21,0,0,0,1,1,-0.0,-0.0,-0.0,0.0,0.0
2017-04-24,0,0,0,1,1,0.0,0.0,0.0,0.0067194424769159156,0.023209341495073588
2017-04-25,0,0,0,1,1,0.0,0.0,0.0,0.05791560679279728,0.011057554431475713
2017-04-26,0,0,0,1,1,0.0,-0.0,0.0,-0.013078374377429203,-0.0006534163459760434
2017-04-27,0,0,0,1,1,0.0,0.0,0.0,0.019378062846052257,0.002890922677269092
2017-04-28,0,0,1,1,1,0.0,-0.0,0.0,-0.005748659996644867,0.036271052141153115
2017-05-01,0,0,1,1,1,0.0,0.0,0.025124568738659425,0.020696512604692296,0.007296150184871175
2017-05-02,0,0,1,1,1,0.0,0.0,-0.0013604062874136291,0.0070807261120646725,0.004240593450758778
2017-05-03,0,0,1,1,1,-0.0,-0.0,-0.006241191801434343,-0.0054969678947074385,0.011566580910367996
2017-05-04,0,0,1,1,1,-0.0,-0.0,-0.0037193127310027885,0.010669089923393216,0.004983795579696748
2017-05-05,0,1,0,1,1,-0.0,0.0,-0.003605190686853832,-0.0041335064959260315,-0.004862448301342193
2017-05-08,0,1,0,1,1,0.0,0.027188537936101653,0.0,-0.0014048608692754927,0.007733387773661171
2017-05-09,0,1,0,1,1,-0.0,0.006404665544653243,0.0,0.006906265490041585,-0.0022795696590807157
2017-05-10,0,1,0,1,1,-0.0,-0.0047408834161131175,-0.0,0.017909259146381862,-0.00363680682872225
2017-05-11,0,1,0,1,1,-0.0,0.008648553305460549,-0.0,-0.010856036351485243,0.001959562691573824
2017-05-12,1,1,0,1,1,0.0,0.01396583787891803,0.0,0.01431818070260693,0.001740784055279887
2017-05-15,1,1,0,1,1,-0.0009312002536034925,-0.0025625908993467394,-0.0,-0.004912588135852491,0.005213524180015305
2017-05-16,1,1,0,1,1,-0.0027299641627036575,-0.0014771859123976494,0.0,-0.003812027209504021,0.006317559245561988
2017-05-17,0,1,0,1,1,-0.032914951454718455,-0.033575652257913036,-0.0,-0.03895619202813716,-0.02479333187955801
2017-05-18,0,1,0,1,1,0.0,0.015241221955975881,0.0,0.016318538184074693,0.011548300753492446
2017-05-19,0,1,0,0,1,0.0,0.0034090738093446316,0.0,0.008477889210604994,0.0040526108609177935
2017-05-22,0,1,0,0,1,0.0,0.00607600067570635,0.0,0.0,0.008404687603832173
2017-05-23,0,1,0,0,1,-0.0,-0.0012339042256508392,0.0,0.0,0.0073897087578655984
2017-05-24,0,1,0,0,1,0.0,-0.0029908694053120133,0.0,-0.0,0.00647117743029213
2017-05-25,0,1,0,0,1,0.0,0.0034562973256118124,0.0,0.0,0.015267565486805967
2017-05-26,0,0,0,0,1,0.0,-0.0016895371130759562,0.0,-0.0,0.0019905587112614143
2017-05-30,0,0,0,0,1,0.0,0.0,0.0,0.0,0.004539601062917065
2017-05-31,0,0,0,0,1,-0.0,-0.0,-0.0,-0.0,-0.01129240229761741
2017-06-01,0,0,0,0,1,0.0,0.0,0.0,-0.0,0.0021661287303682553
2017-06-02,0,0,1,0,1,0.0,0.0,0.0,0.0,0.008945520149763242
2017-06-05,0,0,1,0,1,0.0,-0.0,0.004579243496091179,-0.0,0.008282134440694033
2017-06-06,0,0,1,0,1,-0.0,0.0,-0.00824648102164205,0.0,-0.007227899357291845
2017-06-07,0,0,1,0,1,0.0,0.0,0.007048860527522072,0.0,0.004474912057241154
2017-06-08,0,0,1,0,1,0.0,-0.0,0.00019797283670675014,0.0,0.0025180131321960175
2017-06-09,1,0,0,0,0,-0.0,-0.0,-0.031635098854680854,-0.0,-0.03414654607853185
2017-06-12,1,0,0,0,0,-0.007754114610898033,-0.0,-0.0,-0.0,-0.0
2017-06-13,1,0,0,0,0,0.015090147860694847,0.0,0.0,0.0,0.0
2017-06-14,1,0,0,0,0,-0.0028535446677657728,-0.0,-0.0,-0.0,-0.0
2017-06-15,1,0,0,0,0,-0.0029950582713615947,-0.0,-0.0,-0.0,-0.0
2017-06-16,1,0,0,1,0,0.0056073791272712725,-0.0,0.0,0.0,-0.0
2017-06-19,1,0,0,1,0,0.014803622760426016,0.0,0.0,0.006693719523478858,0.0
2017-06-20,1,0,0,1,0,-0.0040557969353746115,-0.0,-0.0,-0.008800462180184598,-0.0
2017-06-21,1,0,0,1,0,0.010903098826406499,0.0,0.0,0.019598787686473607,0.0
2017-06-22,1,0,0,1,0,-0.0033137669460225894,-0.0,-0.0,-0.0009030470925033285,-0.0
2017-06-23,1,1,0,1,0,0.01088681770983202,0.0,0.0,0.020207921073964963,0.0
2017-06-26,1,1,0,1,0,-0.009544174578397957,-0.003144512397146304,-0.0,-0.003290749641825963,-0.0
2017-06-27,1,1,0,1,0,-0.019597557057665527,-0.01433307131668815,-0.0,-0.04107937282986107,-0.0
2017-06-28,1,1,0,1,0,0.01766506103009524,0.014610737568302223,0.0,0.015758491041838907,0.0
2017-06-29,1,1,0,1,0,-0.014356681948053174,-0.014743473566194765,-0.0,-0.021641400462587668,-0.0
2017-06-30,0,1,0,0,0,-0.00039723888480769354,0.0023668000295322678,-0.0,-0.004530566276052195,-0.0
2017-07-03,0,1,0,0,0,-0.0,-0.003610635185364419,-0.0,-0.0,-0.0
2017-07-05,0,1,0,0,0,0.0,0.004111474722056974,0.0,0.0,0.0
2017-07-06,0,0,0,0,0,-0.0,-0.009438665119006262,-0.0,-0.0,-0.0
2017-07-07,0,0,1,0,1,0.0,0.0,0.0,0.0,0.0
2017-07-10,0,0,1,0,1,0.0,0.0,0.01809436157060018,0.0,0.01111478219872053
2017-07-11,0,0,1,0,1,0.0,0.0,-0.0023483010247660197,0.0,0.0013890240879685933
2017-07-12,0,0,1,0,1,0.0,0.0,0.012453089005661555,0.0,0.01477269029497652
2017-07-13,0,0,1,0,1,0.0,0.0,-0.0058419432575773644,-0.0,0.0035282332724499987
2017-07-14,0,0,1,0,1,0.0,0.0,0.001179219208357063,0.0,0.009322610749493254
2017-07-17,0,0,1,0,1,-0.0,0.0,0.00821511113764739,0.0,-0.0026882681634273764
2017-07-18,0,0,1,0,1,0.0,0.0,0.014266780755591402,0.0,0.012565209478033301
2017-07-19,0,0,1,0,1,0.0,0.0,0.0023622115853150216,0.0,0.0056866470337779695
2017-07-20,0,0,1,0,1,0.0,-0.0,0.0017821758638392193,-0.0,-0.002822103218134475
2017-07-21,0,0,1,0,1,-0.0,-0.0,-0.002945478717979899,0.0,0.004926970204909953
2017-07-24,0,0,1,0,1,0.0,0.0,0.012947588238978236,-0.0,0.007626415617820292
2017-07-25,0,0,1,0,1,-0.0,0.0,0.0008855370482221403,-0.0,-0.030234342482034382
2017-07-26,0,0,1,0,1,0.0,0.0,0.012434239603503539,0.0,-0.0030503412969283827
2017-07-27,0,0,1,0,1,0.0,-0.0,-0.006458969538946313,-0.0,-0.014465049752937276
2017-07-28,1,1,0,1,0,0.0,-0.0,-0.02481836242119062,0.0,0.007964908154462602
2017-07-31,1,1,0,1,0,-0.018556078386544383,-0.0051507487262408835,-0.0,-0.01293191540342642,-0.0
2017-08-01,1,1,0,1,0,0.0036041338141263868,0.008875334570933369,0.0,0.0020367450717202473,0.0
2017-08-02,1,1,0,1,0,-0.0032968959863481917,0.04725087253031668,-0.0,-0.007086707107529455,-0.0
2017-08-03,0,1,0,1,0,-0.004193605957017121,-0.009990856886961441,-0.0,-0.008354596214074528,-0.0
2017-08-04,0,1,0,1,0,0.0,0.005270480880661177,0.0,0.005802647825216001,0.0
2017-08-07,0,1,0,1,0,0.0,0.015474522926362644,0.0,0.005880055103297588,0.0
2017-08-08,0,1,0,0,0,-0.0,0.007996389886106181,-0.0,-0.016378984121283358,-0.0
2017-08-09,0,1,0,0,0,-0.0,0.006122245181708452,-0.0,-0.0,-0.0
2017-08-10,0,1,0,0,0,-0.0,-0.031851964961036705,-0.0,-0.0,-0.0
2017-08-11,0,1,0,0,0,0.0,0.013907112981005998,0.0,0.0,0.0
2017-08-14,0,1,0,0,0,0.0,0.015049488111238407,0.0,-0.0,0.0
2017-08-15,0,1,0,0,0,0.0,0.010947667911953562,-0.0,-0.0,-0.0
2017-08-16,0,1,0,0,0,-0.0,-0.004022337764396422,-0.0,0.0,0.0
2017-08-17,0,1,0,0,0,-0.0,-0.019198613197856873,-0.0,-0.0,-0.0
2017-08-18,0,1,0,0,0,0.0,-0.002280367701791408,-0.0,0.0,-0.0
2017-08-21,0,1,0,0,0,0.0,-0.0018411556352002645,-0.0,0.0,-0.0
2017-08-22,0,1,0,0,0,0.0,0.016347282677970032,0.0,0.0,0.0
2017-08-23,0,1,0,0,0,-0.0,0.0012518974453952225,-0.0,-0.0,0.0
2017-08-24,0,1,0,0,0,-0.0,-0.0044380258186240695,-0.0,-0.0,-0.0
2017-08-25,1,1,1,0,1,-0.0,0.0037042456448581618,-0.0,-0.0,-0.0
2017-08-28,1,1,1,0,1,0.005531346976497931,0.01007146383165125,0.0008039734902636209,0.0,-0.0022710422404799147
2017-08-29,1,1,1,0,1,0.004843346533141002,0.008918146517579828,0.00849877250795239,0.0,0.008185468123034223
2017-08-30,1,1,1,0,1,0.011127599353435214,0.002700796354481394,0.014181544983208783,0.0,0.008987483758852832
2017-08-31,1,1,1,0,1,0.012064532590845056,0.003978845741819281,0.013445724293737582,0.0,0.01049933031700534
2017-09-01,1,1,1,1,1,0.00029077309217773184,0.0003054189507529781,-0.002396498227640098,0.0,-0.0021183642570845596
2017-09-05,1,1,1,1,1,-0.007557278009030499,-0.012008846978863397,-0.013268556723623925,-0.0012590203375707487,-0.009484282557880586
2017-09-06,1,1,1,1,1,0.008024816371870136,-0.0010488310506386878,0.0026210112293032495,0.027102885696441925,-0.0006893545847375115
2017-09-07,1,1,1,1,1,0.006508258103540054,-0.00401463671527047,0.0120582747635265,-0.001394700139469962,0.008773393950954889
2017-09-08,1,0,1,1,1,-0.013047754814530577,-0.016309114323712404,-0.013854454733169819,-0.014413418050584825,-0.010096678480773336
2017-09-11,1,0,1,1,1,0.01497502814839713,0.0,0.012485778315173057,0.03015535301799588,0.0027846125490962326
2017-09-12,1,0,1,1,1,-0.00316976183650286,-0.0,0.004724177128713647,0.018763003742995776,0.0032182241907705578
2017-09-13,1,0,1,1,1,0.0005203424886803809,-0.0,0.017321701984327253,-0.00815552015454113,0.003240206916336863
2017-09-14,1,0,1,1,1,-0.012077342902939714,-0.0,-0.007392941375093831,-0.005499861196867739,-0.01067295133888968
2017-09-15,1,0,1,1,0,0.00397749912463774,0.0,-0.005462551407736771,-0.0015331477402990012,-0.005210083112558439
2017-09-18,1,0,1,1,0,-0.009496604553976495,-0.0,-0.012768695723707313,0.012448527215201954,-0.0
2017-09-19,1,0,1,1,0,0.014763881121353517,0.0,-0.004444704451118442,0.005741510056486154,0.0
2017-09-20,1,0,1,1,0,-0.002028922490782459,-0.0,0.0034540973363355043,-0.000915543815440345,0.0
2017-09-21,1,0,1,1,0,-0.006156658522230796,-0.0,-0.008795663989611846,0.017627105650851904,0.0
2017-09-22,0,0,0,1,0,-0.0033312224016922576,-0.0,-0.009899903985017278,-0.007574916225383865,-0.0
2017-09-25,0,0,0,1,0,-0.0,-0.0,-0.0,-0.04697092482022969,-0.0
2017-09-26,0,0,0,1,0,0.0,0.0,-0.0,0.0046485680026233656,0.0
2017-09-27,0,0,0,1,0,0.0,0.0,0.0,0.014438601111548932,0.0
2017-09-28,0,0,0,1,0,0.0,-0.0,0.0,-0.006979195823165418,0.0
2017-09-29,0,0,0,0,0,0.0,0.0,0.0,0.003597173028506484,0.0
2017-10-02,0,0,0,0,0,-0.0,-0.0,-0.0,-0.0,-0.0
2017-10-03,0,0,0,0,0,0.0,0.0,-0.0,0.0,0.0
2017-10-04,0,0,0,0,0,-0.0,-0.0,0.0,0.0,-0.0
2017-10-05,0,0,0,0,0,0.0,0.0,0.0,0.0,0.0
2017-10-06,0,1,0,0,0,0.0,-0.0,0.0,0.0,0.0
2017-10-09,0,1,0,0,0,0.0,0.003476935841842277,0.0,-0.0,-0.0
2017-10-10,0,1,0,0,0,-0.0,0.00038512735611484494,-0.0,-0.0,-0.0
2017-10-11,0,1,0,0,0,0.0,0.004169192600900873,0.0,-0.0,0.0
2017-10-12,0,1,0,0,0,-0.0,-0.0035130190870386047,0.0,0.0,-0.0
2017-10-13,0,1,0,0,1,0.0,0.006345936394908991,0.0,0.0,0.0
2017-10-16,0,1,0,0,1,0.0,0.01840895297623546,0.0,0.0,0.0023442677906235776
2017-10-17,0,1,0,0,1,0.0,0.003690214812056114,0.0,-0.0,0.00018135399106555816
2017-10-18,0,1,0,0,1,-0.0,-0.004424779661706957,-0.0,-0.0,0.0006350109845596474
2017-10-19,0,1,0,0,1,-0.0,-0.023660330986821854,-0.0,-0.0,-0.00842066479250203
2017-10-20,1,0,1,0,1,0.0,0.0017310464910527124,-0.0,-0.0,0.003809317663259648
2017-10-23,0,0,1,0,0,-0.021202432520884495,-0.0,-0.016898832106748696,-0.0,-0.019985852539935456
2017-10-24,0,0,1,0,0,0.0,0.0,0.009934793664073016,0.0,0.0
2017-10-25,0,0,1,0,0,-0.0,-0.0,-0.0030637973450112765,-0.0,0.0
2017-10-26,0,0,1,0,0,0.0,0.0,-0.000493407922726008,0.0,-0.0
2017-10-27,0,0,1,1,0,0.0,0.0,0.13216381132847022,0.0,0.0
2017-10-30,0,0,1,1,0,0.0,0.0,0.008992214476522209,-0.005863477038748677,-0.0
2017-10-31,0,0,1,1,0,0.0,0.0,-0.005014171230441344,-0.009779717140488864,-0.0
2017-11-01,0,0,1,1,0,0.0,-0.0,-0.0014476301234627176,0.007992706728906285,0.0
2017-11-02,0,0,1,1,0,-0.0,0.0,-0.008571317573420001,0.006666703657670414,0.0
2017-11-03,0,0,1,1,0,0.0,0.0,0.015883521031699654,0.003461705585304564,0.0
2017-11-06,0,0,1,1,0,0.0,0.0,0.008150397626239814,0.000600021895268199,-0.0
2017-11-07,0,0,1,1,0,0.0,0.0,0.0022397466354273643,-0.021186255882254312,0.0
2017-11-08,0,0,1,1,0,-0.0,0.0,0.008645179801616942,0.002807713785652588,0.0
2017-11-09,0,0,1,0,0,-0.0,-0.0,-0.003310147529595686,-0.012930200129067426,-0.0
2017-11-10,0,0,1,0,0,-0.0,-0.0,-0.0033476955293720856,-0.0,-0.0
2017-11-13,0,0,1,0,0,0.0,-0.0,0.0033944652095281302,0.0,-0.0
2017-11-14,0,0,1,0,0,-0.0,-0.0,0.006792584750386466,0.0,0.0
2017-11-15,0,0,1,0,0,-0.0,-0.0,-0.00892825205430392,-0.0,-0.0
2017-11-16,0,0,1,0,0,0.0,0.0,0.009408067619774974,0.0,0.0
2017-11-17,1,1,1,0,1,-0.0,-0.0,-0.006515465173448698,-0.0,-0.0
2017-11-20,1,1,1,0,1,-0.001452603119511564,-0.000998855103940155,-0.0031596475871705776,0.0,-0.0006967105208113278
2017-11-21,1,1,1,0,1,0.017455650094359898,0.01859025399101455,0.01170193669616193,0.0,0.015819257280432097
2017-11-22,1,1,1,0,1,-0.005443737688210937,0.010512032656523118,0.014629350441896172,0.0,0.0014210920414390316
2017-11-24,1,1,1,0,1,0.01056008507350592,5.710800770519775e-05,0.025809587159050906,-0.0,0.004488498875076186
2017-11-27,1,1,1,0,1,0.0013676287105601759,-0.005029495903664527,0.008288378765863635,-0.0,0.013069305995174307
2017-11-28,1,1,1,0,1,-0.0033327853066209556,-0.00585908161389137,-0.0018648099848008748,0.0,-0.006450387814593395
2017-11-29,0,1,1,0,1,-0.039962706075193144,-0.020743155037153294,-0.027086140184754637,-0.0,-0.02458434730671899
2017-11-30,0,1,1,0,1,0.0,0.013984041940315661,0.013330269145295226,-0.0,-0.00024481042868362834
2017-12-01,0,0,0,1,0,-0.0,-0.004655203319634094,-0.012237114119919568,-0.0,-0.011004351337548068
2017-12-04,0,0,0,1,0,-0.0,-0.0,-0.0,-0.014880708324035874,-0.0
2017-12-05,0,0,0,1,0,0.0,-0.0,0.0,0.0009237852311265726,0.0
2017-12-06,0,0,0,1,0,0.0,-0.0,0.0,0.005917139667573679,0.0
2017-12-07,0,0,0,1,0,0.0,0.0,0.0,-0.0005396983371214192,0.0
2017-12-08,0,0,0,1,0,-0.0,0.0,0.0,0.018034537758788716,0.0
2017-12-11,0,0,0,1,0,0.0,0.0,0.0,-0.012305039503787474,0.0
2017-12-12,0,0,0,1,0,-0.0,-0.0,-0.0,-0.002631325797186057,-0.0
2017-12-13,0,0,0,1,0,0.0,0.0,-0.0,0.011468286931622718,0.0
2017-12-14,0,0,0,1,0,0.0,-0.0,0.0,0.009049275751724428,0.0
2017-12-15,0,0,0,1,0,0.0,0.0,0.0,0.0029541969076078978,0.0
2017-12-18,0,0,0,1,0,0.0,0.0,0.0,0.0015779668602078356,0.0
2017-12-19,0,0,0,1,0,-0.0,-0.0,-0.0,-0.017855235422635674,-0.0
2017-12-20,0,0,0,1,0,-0.0,-0.0,-0.0,0.00962465517397515,-0.0
2017-12-21,0,0,0,1,0,-0.0,0.0,-0.0,-0.0010592744374160468,-0.0
2017-12-22,1,0,0,1,0,-0.0,0.0,-0.0,0.00699823644570996,-0.0
2017-12-26,1,0,0,1,0,-0.006828381676488471,-0.0,0.0,-0.011477350250339247,-0.0
2017-12-27,1,0,0,1,0,0.009261873948520627,0.0,0.0,-0.008095382712724475,-0.0
2017-12-28,1,0,0,1,0,0.0016889695937067906,0.0,0.0,0.03474012580471397,-0.0
2017-12-29,1,1,1,1,1,-0.008205907742733332,-0.0,-0.0,-0.00389185809698811,-0.0
2018-01-02,1,1,1,1,1,0.028108357082724522,0.017904720986791967,0.016708444028718628,0.0474578052288297,0.017775162430258895
2018-01-03,1,1,1,1,1,0.017914230671097098,-0.00017419833576348687,0.012775310383486449,0.01979407958702395,0.01641317370020401
2018-01-04,1,1,1,1,1,-0.0018412285210097634,0.004645121960552778,0.004476012896857506,0.002828587283211448,0.0036213137993905686
2018-01-05,1,1,1,1,1,0.013671313280141595,0.01138535913914418,0.016162516530176196,0.021203134303460658,0.01457100881447193
2018-01-08,1,1,1,1,1,0.007653173574916572,-0.0037144270037215987,0.014424678832250848,0.009809979069031582,0.004273133776859339
2018-01-09,1,1,1,1,1,-0.002177678542160555,-0.00011480232206828589,0.0046757095740346255,-0.012921506501913482,-0.0006142841608299809
2018-01-10,1,1,1,1,1,-0.00015976383391358429,-0.00022916427662167393,0.0013012055442500614,0.015336136597911887,-0.0032991892395033418
2018-01-11,1,1,1,1,1,-0.0003726238892698408,0.0056800017627751664,0.01781828254348916,0.022209679681032934,0.0026390729657939094
2018-01-12,0,1,1,1,1,-0.04473545943034263,0.010326407809552407,0.022339231610462695,0.01836673786357723,0.015142180070088607
2018-01-16,0,1,1,1,1,-0.0,-0.005082037155797803,-0.0002605871874575838,0.0013560686053046833,-0.0004454572261128886
2018-01-17,0,1,1,1,1,-0.0,0.016516269944552242,-0.00755630863716783,-0.018191661632751766,0.009110605894598445
2018-01-18,0,1,1,1,1,0.0,0.0008931519504966623,-0.0012972916415299185,0.013011502671515851,-0.001934617803559746
2018-01-19,0,1,1,1,1,0.0,-0.004462682497025194,0.0009741736041779525,0.0005900462112835569,0.0068331391611284875
2018-01-22,0,1,1,1,1,0.0,-0.008181177892655489,0.025282411609683475,0.032296085005696584,0.01608773766758831
2018-01-23,0,1,1,1,1,0.0,0.00022589123608196537,0.02654236704761037,0.0997890468070961,0.012251182437125197
2018-01-24,0,1,1,1,1,-0.0,-0.01592858338435499,-0.0036915667119321594,0.0439889520243395,-0.004897640656241209
2018-01-25,0,1,1,1,1,0.0,-0.017850978135788287,0.015056912893923968,0.03214705245496585,0.005265301188793314
2018-01-26,0,0,1,1,1,0.0,0.0023376204925436017,0.017489776074125496,0.018168311734161113,0.004673730195766446
2018-01-29,0,0,1,1,1,-0.0,-0.0,0.011147987016343786,0.03638015299464015,-0.0002211374907485908
2018-01-30,0,0,1,1,1,0.0,-0.0,0.014206254114237371,-0.020345088089630092,-0.010114001497925296
2018-01-31,0,0,1,1,1,-0.0,0.0,0.009090198056924459,-0.030487806212932567,0.0053706994583357925
2018-02-01,0,0,1,1,1,0.0,0.0,-0.04196737400527717,-0.019348800240256758,-0.001914656018497718
2018-02-02,0,0,1,0,0,-0.0,-0.0,0.02874097206609716,0.008903253051469884,-0.04778626443310485
2018-02-05,0,0,1,0,0,-0.0,-0.0,-0.027938006598856924,-0.0,-0.0
2018-02-06,0,0,1,0,0,0.0,0.0,0.03801436389950541,0.0,0.0
2018-02-07,0,0,1,0,0,-0.0,-0.0,-0.018061620618718965,-0.0,-0.0
2018-02-08,0,0,1,0,0,-0.0,-0.0,-0.046782076355553315,-0.0,-0.0
2018-02-09,0,0,0,0,0,0.0,0.0,-0.008071057484337008,-0.0,0.0
2018-02-12,0,0,0,0,0,0.0,0.0,0.0,0.0,0.0
2018-02-13,0,0,0,0,0,-0.0,0.0,0.0,0.0,0.0
2018-02-14,0,0,0,0,0,0.0,0.0,0.0,0.0,0.0
2018-02-15,0,0,0,0,0,0.0,0.0,0.0,0.0,0.0
2018-02-16,1,0,0,0,0,-0.0,-0.0,-0.0,-0.0,0.0
2018-02-20,1,0,0,0,0,-0.007611678037756975,-0.0,0.0,0.0,0.0
2018-02-21,1,0,0,0,0,0.010794973656084395,-0.0,0.0,0.0,0.0
2018-02-22,1,0,0,0,0,0.006070378908522578,0.0,0.0,-0.0,-0.0
2018-02-23,1,1,0,0,0,0.024023585361238498,0.0,0.0,0.0,0.0
2018-02-26,1,1,0,0,0,0.008947610230602754,0.01977225357406387,0.0,0.0,0.0
2018-02-27,1,1,0,0,0,-0.018763808272028726,-0.0032409299872551145,-0.0,-0.0,-0.0
2018-02-28,1,1,0,0,0,-0.017304070461025556,-0.0015138508311370868,0.0,0.0,-0.0
2018-03-01,1,1,0,0,0,-0.013346875850748119,-0.017515704208576843,-0.0,-0.0,-0.0
2018-03-02,0,1,0,1,1,0.0038650034202296624,0.006914053911783569,0.0,0.0,0.0
2018-03-05,0,1,0,1,1,0.0,0.003461755274927647,0.0,0.046337860065367664,0.011131534413541422
2018-03-06,0,1,0,1,1,-0.0,-0.0008484754160732466,0.0,0.0324444483196924,0.003785633295265489
2018-03-07,0,1,0,1,1,0.0,-0.009282628039886665,0.0,-0.012483849527564983,0.013314403714915324
2018-03-08,0,1,0,1,1,-0.0,0.01091205125766792,0.0,-0.012953056466165958,0.014743497575252063
2018-03-09,0,1,1,1,1,0.0,0.017181039935853848,0.0,0.04555205817478303,0.030231004144723794
2018-03-12,0,1,1,1,1,-0.0,0.009668141750305947,0.012350428812454961,-0.030593816599521984,0.0038446427922251836
2018-03-13,0,1,1,1,1,-0.0,-0.00963032415878029,-0.006387748444923624,-0.016868917261362082,-0.022610567447292285
2018-03-14,0,1,1,1,1,0.0,-0.008501493851287067,0.001775698923243585,0.017949799995285343,0.009945787309643794
2018-03-15,0,1,1,1,1,-0.0,0.0011769178775078437,-0.005455760159082668,-0.0014305441534467889,7.832030478627239e-05
2018-03-16,0,0,0,0,1,0.0,-0.003526330953839363,-0.006724274466889391,-0.008221944504559597,-0.012048020485704192
2018-03-19,0,0,0,0,1,-0.0,-0.0,-0.0,-0.0,-0.031618268711794184
2018-03-20,0,0,0,0,1,-0.0,-0.0,0.0,0.0,-0.0019184105249057115
2018-03-21,0,0,0,0,1,0.0,-0.0,-0.0,-0.0,-0.00622213327184562
2018-03-22,0,0,0,0,1,-0.0,-0.0,-0.0,-0.0,-0.038317747795960866
2018-03-23,0,0,0,0,0,-0.0,-0.0,-0.0,-0.0,-0.02622302838345225
2018-03-26,0,0,0,0,0,0.0,0.0,0.0,0.0,0.0
2018-03-27,0,0,0,0,0,-0.0,-0.0,-0.0,-0.0,-0.0
2018-03-28,0,0,0,0,0,0.0,-0.0,-0.0,-0.0,-0.0
2018-03-29,0,0,0,0,0,0.0,0.0,0.0,0.0,0.0
2018-04-02,0,0,0,0,0,-0.0,-0.0,-0.0,-0.0,-0.0
2018-04-03,0,0,0,0,0,0.0,0.0,0.0,0.0,0.0
2018-04-04,0,0,0,0,0,-0.0,0.0,0.0,0.0,0.0
2018-04-05,0,0,0,0,0,0.0,0.0,0.0,0.0,0.0
2018-04-06,1,0,0,0,0,-0.0,-0.0,-0.0,-0.0,-0.0
2018-04-09,1,0,0,0,0,0.004643750737977292,0.0,0.0,0.0,0.0
2018-04-10,1,0,0,0,0,0.04502004290011796,0.0,0.0,0.0,0.0
2018-04-11,1,0,0,0,0,0.007755870997318004,-0.0,-0.0,0.0,-0.0
2018-04-12,1,0,0,0,0,-0.014730781380069335,0.0,0.0,0.0,0.0
2018-04-13,1,0,0,0,0,0.003966614778446065,0.0,-0.0,0.0,-0.0
2018-04-16,1,0,0,0,0,0.0018841120825523472,0.0,0.0,-0.0,0.0
2018-04-17,1,0,0,0,0,0.023236156325850965,0.0,0.0,0.0,0.0
2018-04-18,1,0,0,0,0,-0.013636877946988535,-0.0,0.0,-0.0,-0.0
2018-04-19,1,0,0,0,0,0.010459247473875832,-0.0,0.0,-0.0,0.0
2018-04-20,1,0,1,1,0,-0.010826821993836222,-0.0,-0.0,-0.0,-0.0
2018-04-23,1,0,1,1,0,-0.0026462158928070023,-0.0,-0.006304443768269441,-0.027702312220802106,-0.0
2018-04-24,1,0,1,0,0,-0.037083938936668503,-0.0,-0.03806011733462866,-0.03661869948330121,-0.0
2018-04-25,1,0,0,0,0,0.0,0.0,5.476104433066453e-05,-0.0,0.0
2018-04-26,1,0,0,0,0,0.09061308835424109,0.0,0.0,0.0,0.0
2018-04-27,1,0,0,0,1,-0.003272971827212645,-0.0,0.0,-0.0,-0.0
2018-04-30,1,0,0,0,1,-0.009159532174355833,0.0,-0.0,0.0,-0.012348884819410544
2018-05-01,1,0,0,0,1,0.010813945070871744,0.0,0.0,0.0,0.019639575533094256
2018-05-02,1,0,0,0,1,0.01271153999500374,0.0,-0.0,0.0,-0.012464918257568458
2018-05-03,1,0,0,0,1,-0.01164312597257855,0.0,0.0,-0.0,-0.0006442955435850273
2018-05-04,1,1,0,0,1,0.014883322893415762,0.0,0.0,0.0,0.023922587265773565
2018-05-07,1,1,0,0,1,0.0077005942070333955,0.007235324549286659,0.0,0.0,0.006277280995934387
2018-05-08,1,1,0,0,1,0.005338000467737247,0.004806406300985833,-0.0,0.0,-0.0008342937251367699
2018-05-09,1,1,0,0,1,0.02090311887246954,0.0070414952911512785,0.0,0.0,0.027374359863203246
2018-05-10,1,1,0,0,1,0.015712344003480982,0.014303795563132216,0.0,-0.0,0.013677989127446555
2018-05-11,1,1,0,0,1,0.007869403175896794,-0.0038033040996491296,-0.0,-0.0,0.0006286266146176001
2018-05-14,1,1,0,0,1,-0.0018719166927693154,-0.0023331387196243725,-0.0,0.0,0.001766420771289745
2018-05-15,1,1,0,0,1,-0.012430268882268614,-0.009088634414638141,-0.0,-0.0,-0.01906011285158593
2018-05-16,1,1,0,0,1,-0.0060764219319591195,0.009332887776131171,0.0,0.0,0.002353529179854208
2018-05-17,1,1,0,0,1,0.0030567433812183076,-0.006323683941404923,-0.0,-0.0,-0.002939654985707585
2018-05-18,0,1,1,1,0,-0.005877296296658341,-0.0036364559413636366,-0.0,-0.0,-0.011338840029920472
2018-05-21,0,1,1,1,0,0.0,0.007084898680576268,0.007044143460552821,0.02356719976879762,0.0
2018-05-22,0,1,1,1,0,-0.0,-0.002504861984350404,-0.0025608078786804045,-0.0006027731981689266,-0.0
2018-05-23,0,1,1,1,0,0.0,0.00641162829635622,0.012937936366005598,0.03950306464146225,0.0
2018-05-24,0,1,1,1,0,-0.0,-0.0011150238514306965,0.0007553855752788774,0.01325715742642064,-0.0
2018-05-25,0,1,1,1,0,-0.0,0.0022853085883085544,0.004416479152626884,0.005725900973611031,-0.0
2018-05-29,0,1,1,1,0,0.0,-0.0036057958815438607,0.0016893033249025802,-0.00444076836985885,-0.0
2018-05-30,0,1,1,1,0,0.0,-0.0021286209819959545,0.00745252767120097,0.010894110996790385,0.0
2018-05-31,0,1,1,1,0,0.0,-0.003360155856675706,0.0029110106331380337,-0.005487363224860431,0.0
2018-06-01,0,1,1,1,0,0.0,0.018034124877113644,0.007314596664868223,0.023691656506436898,0.0
2018-06-04,0,1,1,1,0,-0.0,0.008357814676381636,0.014455850842866047,0.005223251524098416,0.0
2018-06-05,0,1,1,1,0,-0.0,0.0077151497140999226,0.018663651200122366,0.011027860648678889,0.0
2018-06-06,0,1,1,1,0,-0.0,0.003465953231512886,-0.0003536862117876627,0.004510728455782154,-0.0
2018-06-07,0,1,1,1,0,-0.0,-0.0026808725474023465,-0.003803651977406841,-0.016464874430697107,-0.0
2018-06-08,0,0,1,1,0,0.0,-0.009097458571613704,-0.003143258294014406,-0.002296587123084892,-0.0
2018-06-11,0,0,1,1,0,0.0,-0.0,0.0030463392416790747,0.0024405936848241883,0.0
2018-06-12,0,0,1,1,0,0.0,0.0,0.005701178257960349,0.0065845187020527884,0.0
2018-06-13,0,0,1,1,0,0.0,-0.0,0.0035967177727189714,0.04425145451917767,-0.0
2018-06-14,0,0,1,1,0,0.0,0.0,0.011144664310384744,0.03405891267038985,0.0
2018-06-15,1,0,1,1,1,-0.0,-0.0,-0.004576946257703773,-0.0022653400410329594,0.0
2018-06-18,1,0,1,1,1,0.012560571657696862,-0.0,0.004557175708828076,-0.004030861384660911,0.018398624236446226
2018-06-19,1,0,1,1,1,-0.004134920257044761,-0.0,0.006375480989251114,0.037346355834497524,-0.0046017880320781135
2018-06-20,1,0,1,1,1,0.022836643952359514,0.0,0.008819555259391043,0.029087852387100988,0.0015238783690949553
2018-06-21,1,0,1,1,1,-0.0024751538363668724,-0.0,-0.011348009699612582,-0.003167308026893245,-0.010411704951898026
2018-06-22,1,0,0,1,0,0.0011909699925238826,-0.0,-0.008409345657574563,-0.010470840742230036,-0.001883143075942395
2018-06-25,1,0,0,1,0,-0.026717574970356317,-0.0,-0.0,-0.06473031596149748,-0.0
2018-06-26,1,0,0,1,0,0.013496281848866865,0.0,0.0,0.038779658853681065,-0.0
2018-06-27,1,0,0,1,0,-0.01587940463014359,-0.0,-0.0,-0.022534364079988878,-0.0
2018-06-28,1,0,0,1,0,0.001991308671815739,0.0,0.0,0.01288454773574732,0.0
2018-06-29,0,0,0,0,0,-0.009733334564295038,-0.0,-0.0,-0.010090588782710519,0.0
2018-07-02,0,0,0,0,0,0.0,0.0,0.0,0.0,0.0
2018-07-03,0,0,0,0,0,-0.0,-0.0,-0.0,-0.0,-0.0
2018-07-05,0,0,0,0,0,0.0,0.0,0.0,0.0,0.0
2018-07-06,0,1,0,0,0,0.0,0.0,0.0,0.0,0.0
2018-07-09,0,1,0,0,0,0.0,0.013885251704113477,0.0,0.0,0.0
2018-07-10,0,1,0,0,0,-0.0,-0.0012068257576905994,0.0,-0.0,-0.0
2018-07-11,0,1,0,0,0,-0.0,-0.012975863582486369,0.0,0.0,0.0
2018-07-12,0,1,0,0,0,0.0,0.016765678870485745,0.0,-0.0,0.0
2018-07-13,0,1,0,0,0,0.0,0.0015706036809290946,0.0,-0.0,0.0
2018-07-16,0,1,0,0,0,-0.0,-0.002195177663411263,0.0,0.0,-0.0
2018-07-17,0,1,0,0,0,0.0,0.002828508032414856,0.0,-0.0,0.0
2018-07-18,0,1,0,0,0,-0.0,-0.005484631201369439,-0.0,-0.0,-0.0
2018-07-19,0,1,0,0,0,-0.0,0.007773096239666932,-0.0,-0.0,-0.0
2018-07-20,0,1,1,0,1,0.0,-0.002293050566674504,0.0,-0.0,-0.0
2018-07-23,0,1,1,0,1,0.0,0.0008878553065714279,-0.006450891550111915,0.0,0.017376980610804615
2018-07-24,0,1,1,0,1,0.0,0.007254693926248779,0.01511653201758878,-0.0,0.03532142335310828
2018-07-25,0,1,1,0,1,0.0,0.009429903608013657,0.01878920500125658,0.0,0.012515165271921314
2018-07-26,0,1,1,0,1,-0.0,-0.003131229206972397,-0.029839878546057075,0.0,0.003663913235616878
2018-07-27,-1,0,0,1,0,-0.0,-0.016631307348744406,0.005127223105519718,-0.0,-0.023519215517405878
2018-07-30,-1,0,0,0,0,0.021899307062849815,-0.0,-0.0,-0.057008531536649976,-0.0
2018-07-31,-1,0,0,0,0,-0.008885825777322331,0.0,-0.0,0.0,-0.0
2018-08-01,-1,0,0,0,0,0.005388977953469376,0.0,0.0,0.0,0.0
2018-08-02,-1,0,0,0,0,-0.027497757221835117,0.0,0.0,0.0,0.0
2018-08-03,-1,0,0,0,0,-0.00799476730197446,0.0,-0.0,-0.0,-0.0
2018-08-06,-1,0,0,0,0,-0.04449313733127025,0.0,0.0,0.0,0.0
2018-08-07,-1,0,0,0,0,0.010124335056192257,-0.0,0.0,0.0,0.0
2018-08-08,-1,0,0,0,0,-0.007453162770569843,0.0,0.0,-0.0,0.0
2018-08-09,-1,0,0,0,0,0.011286314525959629,0.0,0.0,0.0,0.0
2018-08-10,0,0,0,0,0,0.01545691959426665,-0.0,-0.0,-0.0,-0.0
2018-08-13,0,0,0,0,0,-0.0,0.0,0.0,-0.0,-0.0
2018-08-14,0,0,0,0,0,0.0,0.0,0.0,-0.0,0.0
2018-08-15,0,0,0,0,0,-0.0,0.0,-0.0,-0.0,-0.0
2018-08-16,0,0,0,0,0,-0.0,0.0,0.0,-0.0,-0.0
2018-08-17,0,0,0,0,0,-0.0,0.0,-0.0,-0.0,-0.0
2018-08-20,0,0,0,0,0,-0.0,-0.0,-0.0,0.0,0.0
2018-08-21,0,0,0,0,0,0.0,-0.0,0.0,0.0,-0.0
2018-08-22,0,0,0,0,0,0.0,0.0,0.0,0.0,0.0
2018-08-23,0,0,0,0,0,-0.0,0.0,-0.0,-0.0,-0.0
2018-08-24,0,1,1,1,1,0.0,0.0,0.0,0.0,0.0
2018-08-27,0,1,1,1,1,0.0,0.008234728118737378,0.0116984128662041,0.016052558749441115,0.017343315779934754
2018-08-28,0,1,1,1,1,-0.0,0.008075492027744602,0.0026663776936470818,0.01072467992242454,-0.008592271940977891
2018-08-29,0,1,1,1,1,-0.0,0.01492947610043327,0.03377448472317157,-0.0012211503741713647,0.014742328550292338
2018-08-30,0,1,1,1,1,0.0,0.009193557720182932,0.0021420801683240676,0.007988268593487335,-0.008148599965690062
2018-08-31,0,1,1,1,0,-0.0,0.01155410629763498,0.005158808357790701,-0.008895407334139294,-0.016890950067897204
2018-09-04,0,1,1,1,0,-0.0,0.0032069755517145637,0.013315420436047276,-0.0110965694450047,-0.0
2018-09-05,0,1,1,1,0,-0.0,-0.006524979886179061,-0.021912171605654396,-0.06166120201150793,-0.0
2018-09-06,0,1,1,1,0,-0.0,-0.01661718884016239,-0.018302408612638987,0.015475698729832565,-0.0
2018-09-07,-1,0,0,0,0,0.0,-0.00806806009602179,-0.0031863848938521455,0.0064076697900368185,-0.0
2018-09-10,-1,0,0,0,0,-0.006992216787158556,-0.0,-0.0,-0.0,-0.0
2018-09-11,-1,0,0,0,0,-0.010720067448579451,0.0,0.0,0.0,0.0
2018-09-12,-1,0,0,0,0,0.023743631581839897,-0.0,0.0,0.0,-0.0
2018-09-13,-1,0,0,0,0,0.003950611948710492,0.0,-0.0,-0.0,0.0
2018-09-14,-1,0,0,0,0,-0.005949516926437415,-0.0,-0.0,-0.0,-0.0
2018-09-17,-1,0,0,0,0,0.010719663145214553,-0.0,-0.0,-0.0,-0.0
2018-09-18,-1,0,0,0,0,0.0017436170631817127,0.0,0.0,0.0,0.0
2018-09-19,-1,0,0,0,0,-0.017217704532731526,0.0,-0.0,-0.0,0.0
2018-09-20,-1,0,0,0,0,-0.018152825401715367,0.0,0.0,-0.0,0.0
2018-09-21,0,0,0,0,0,0.01861216924132003,-0.0,-0.0,-0.0,-0.0
2018-09-24,0,0,0,0,0,0.0,0.0,0.0,0.0,0.0
2018-09-25,0,0,0,0,0,-0.0,0.0,0.0,-0.0,0.0
2018-09-26,0,0,0,0,0,0.0,-0.0,0.0,0.0,-0.0
2018-09-27,0,0,0,0,0,0.0,0.0,0.0,0.0,0.0
2018-09-28,0,0,0,0,1,-0.0,0.0,-0.0,-0.0,-0.0
2018-10-01,0,0,0,0,1,-0.0,0.0,0.0,0.0,0.0015417017019285773
2018-10-02,0,0,0,0,1,-0.0,0.0,-0.0,-0.0,0.004015762549209878
2018-10-03,0,0,0,0,1,0.0,0.0,-0.0,-0.0,0.0023664213067144946
2018-10-04,0,0,0,0,1,-0.0,-0.0,-0.0,-0.0,-0.028895654828117734
2018-10-05,0,1,1,0,0,-0.0,-0.0,-0.0,-0.0,-0.009279289409329428
2018-10-08,0,1,1,0,0,-0.0,-0.002318517027073419,-0.013351652655319235,-0.0,-0.0
2018-10-09,0,1,1,0,0,0.0,0.013853487935364672,0.003164503350325587,0.0,-0.0
2018-10-10,0,0,0,0,0,-0.0,-0.04632600988696112,-0.06152425214335033,-0.0,-0.0
2018-10-11,0,0,0,0,0,0.0,-0.0,-0.0,-0.0,-0.0
2018-10-12,0,0,0,0,0,0.0,0.0,0.0,0.0,0.0
2018-10-15,0,0,0,0,0,-0.0,-0.0,-0.0,-0.0,-0.0
2018-10-16,0,0,0,0,0,0.0,0.0,0.0,0.0,0.0
2018-10-17,0,0,0,0,0,0.0,-0.0,0.0,0.0,-0.0
2018-10-18,0,0,0,0,0,-0.0,-0.0,-0.0,-0.0,-0.0
2018-10-19,1,0,0,-1,0,-0.0,0.0,-0.0,-0.0,0.0
2018-10-22,1,0,0,-1,0,0.0047389047837922416,0.0,0.0,0.00940873765736161,0.0
2018-10-23,1,0,0,-1,0,-0.0025198596163235054,0.0,-0.0,-0.010984994305157425,0.0
2018-10-24,0,0,0,-1,0,-0.054083835598457086,-0.0,-0.0,0.09403895049064359,-0.0
2018-10-25,0,0,0,-1,0,0.0,0.0,0.0,-0.0365769109633467,0.0
2018-10-26,0,0,0,-1,0,-0.0,-0.0,-0.0,0.041678680437341575,-0.0
2018-10-29,0,0,0,-1,0,-0.0,-0.0,-0.0,0.04999496683351945,-0.0
2018-10-30,0,0,0,-1,0,0.0,0.0,-0.0,-0.003405424916353539,0.0
2018-10-31,0,0,0,-1,0,0.0,0.0,0.0,-0.0558762861940445,0.0
2018-11-01,0,0,0,-1,0,-0.0,0.0,0.0,-0.05169330693424956,-0.0
2018-11-02,0,1,0,-1,1,-0.0,-0.0,0.0,0.026088596168350686,-0.0
2018-11-05,0,1,0,-1,1,-0.0,-0.028388666307030852,-0.0,-0.020511149183760846,-0.016732956051481285
2018-11-06,0,1,0,-1,1,0.0,0.010814453449838446,0.0,0.01458282420718049,0.015114021333809902
2018-11-07,0,1,0,-1,1,0.0,0.03032810622894333,0.0,-0.05359671811345512,0.03559354786231794
2018-11-08,0,1,0,-1,1,-0.0,-0.003488990916025836,-0.0,0.02925186739623087,-0.010051233413248317
2018-11-09,0,1,1,-1,1,-0.0,-0.019281666307044087,-0.0,0.045451722435573716,-0.01501297973920157
2018-11-12,0,0,1,-1,1,-0.0,-0.050374058267968924,-0.04413610380713673,0.03097503495789722,-0.025812539600448492
2018-11-13,0,0,1,-1,1,0.0,-0.0,-0.003470038015299326,-0.001122136103808069,-0.0024839873195797724
2018-11-14,0,0,1,-1,1,0.0,-0.0,-0.019715929862163195,0.02605293162082445,0.007345068370022245
2018-11-15,0,0,1,-1,1,-0.0,0.0,0.012776650897123432,-0.011613665973822407,0.020169458129819073
2018-11-16,-1,0,0,-1,1,-0.0,0.0,-0.016073437868940443,0.013273137061024398,-0.0030242743505561887
2018-11-19,-1,0,0,-1,1,0.057191893982215025,-0.0,-0.0,0.054540322901384664,-0.039086529551444316
2018-11-20,-1,0,0,-1,1,-0.006689433162796687,-0.0,-0.0,0.013377660885205978,0.005647108900147968
2018-11-21,-1,0,0,-1,1,-0.01804734355489024,-0.0,0.0,0.0181661768819239,0.01155236084487754
2018-11-23,-1,0,0,-1,0,0.02291950433124268,-0.0,-0.0,0.012627312772047983,-0.013232280047158151
2018-11-26,-1,0,0,-1,0,-0.03529967903873166,0.0,0.0,-0.01008417153892216,0.0
2018-11-27,-1,0,0,-1,0,0.010119058340387954,-0.0,0.0,-0.019890648941264244,-0.0
2018-11-28,-1,0,0,-1,0,-0.013037077034492306,0.0,0.0,-0.06008321914374526,0.0
2018-11-29,-1,0,0,-1,0,-0.014039061769424599,-0.0,-0.0,-0.021581483230987297,0.0
2018-11-30,0,0,0,0,0,-0.013917097667778267,-0.0,0.0,0.00907357616341986,0.0
2018-12-03,0,0,0,0,0,0.0,0.0,0.0,0.0,0.0
2018-12-04,0,0,0,0,0,-0.0,-0.0,-0.0,-0.0,-0.0
2018-12-06,0,0,0,0,0,0.0,-0.0,0.0,0.0,0.0
2018-12-07,0,-1,0,0,0,-0.0,-0.0,-0.0,-0.0,-0.0
2018-12-10,0,-1,0,0,0,0.0,-0.006587714573157433,0.0,0.0,0.0
2018-12-11,0,-1,0,0,0,0.0,0.005719164006275257,0.0,-0.0,0.0
2018-12-12,0,-1,0,0,0,0.0,-0.0027869938638407366,0.0,0.0,0.0
2018-12-13,0,-1,0,0,0,0.0,-0.01094055183159326,-0.0,0.0,-0.0
2018-12-14,0,-1,-1,0,0,-0.0,0.031997724436201525,-0.0,-0.0,-0.0
2018-12-17,0,-1,-1,0,0,-0.0,0.009306347377094681,0.04460045543160707,-0.0,-0.0
2018-12-18,0,-1,-1,0,0,0.0,-0.012992381479908,-0.020099752835132323,0.0,0.0
2018-12-19,0,-1,-1,0,0,-0.0,0.03119150012892835,0.03635238334743507,-0.0,-0.0
2018-12-20,0,-1,-1,0,0,0.0,0.02523455295655852,0.022908494210543306,-0.0,-0.0
2018-12-21,0,-1,-1,0,-1,-0.0,0.03889562282402936,0.0570771264386426,-0.0,-0.0
2018-12-24,0,-1,-1,0,-1,-0.0,0.025874296280215536,0.024313035987901577,-0.0,0.003389334997103144
2018-12-26,0,-1,-1,0,0,0.0,-0.07042168783888347,-0.09445222040160872,0.0,-0.06478035564105533
2018-12-27,0,-1,-1,0,0,0.0,0.0064897302805626556,0.006295430662189294,0.0,0.0
2018-12-28,-1,0,0,1,0,-0.0,-0.0005121300276373919,-0.011206593086295902,0.0,-0.0
2018-12-31,-1,0,0,1,0,0.01584075906734861,0.0,0.0,0.04522031278135774,-0.0
2019-01-02,-1,0,0,1,0,-0.03501397263235595,0.0,0.0,0.0,0.0
2019-01-03,-1,0,0,1,0,0.029038829444218206,-0.0,-0.0,0.013225765883911222,-0.0
2019-01-04,-1,0,0,1,0,-0.04713841833653554,0.0,0.0,0.09723449089322656,0.0
2019-01-07,-1,0,0,1,0,-0.0007247392964062627,-0.0,0.0,0.05971700297843019,-0.0
2019-01-08,-1,0,0,1,0,-0.032452190948832005,0.0,0.0,0.0156338958997726,0.0
2019-01-09,0,0,0,1,0,-0.011927141320795753,0.0,0.0,-0.0009679257165132737,-0.0
2019-01-10,0,0,0,1,0,-0.0,0.0,-0.0,0.014689374711060132,-0.0
2019-01-11,0,0,0,1,0,-0.0,-0.0,-0.0,0.039826256791514636,-0.0
2019-01-14,0,0,0,1,0,0.0,-0.0,-0.0,-0.01377408675294467,-0.0
2019-01-15,0,0,0,1,0,0.0,0.0,0.0,0.06517694493875137,0.0
2019-01-16,0,0,0,1,0,-0.0,0.0,0.0,-0.0091642224953713,0.0
2019-01-17,0,0,0,1,0,0.0,0.0,0.0,0.0051224784937888845,0.0
2019-01-18,0,0,0,1,1,0.0,0.0,0.0,-0.03989353107532578,0.0
2019-01-22,0,0,0,1,1,-0.0,-0.0,-0.0,-0.0411088239177172,-0.025258033472537078
2019-01-23,0,0,0,1,1,-0.0,0.0,0.0,-0.009749087809177492,0.0047172992946689085
2019-01-24,0,0,0,1,1,0.0,-0.0,0.0,0.014534685348301712,-0.0015527186216892641
2019-01-25,0,1,1,1,1,0.0,0.0,0.0,0.03483629931570631,0.015913990062482952
2019-01-28,0,1,1,1,1,-0.0,-0.009254749197089462,-0.019562216712664893,-0.0070699133771987555,-0.019166095411047746
2019-01-29,0,1,0,1,0,-0.0,-0.01036468200194296,-0.02686994204251958,-0.020139455675004747,-0.008840506853237673
2019-01-30,0,1,0,1,0,0.0,0.06833482880378705,0.0,0.03575557915433181,0.0
2019-01-31,0,1,0,1,0,0.0,0.007200805563502888,0.0,-0.003405165413137068,0.0
2019-02-01,1,1,0,0,0,-0.0,0.0004810461646345132,-0.0,0.0010309458130062232,-0.0
2019-02-04,1,1,0,0,0,0.021362621268193438,0.02840485574879925,0.0,0.0,0.0
2019-02-05,1,1,0,0,0,0.0112850970354883,0.017109576296051143,0.0,0.0,0.0
2019-02-06,1,1,0,0,0,-0.003914457795121562,0.0003444302399442378,-0.0,-0.0,-0.0
2019-02-07,1,1,0,0,0,-0.024106926975107523,-0.018939256965893048,-0.0,-0.0,-0.0
2019-02-08,1,1,0,0,0,0.005709752070508278,0.0011748013642176591,-0.0,0.0,-0.0
2019-02-11,1,1,0,0,0,-0.00920345537872913,-0.005750764841981337,0.0,-0.0,-0.0
2019-02-12,1,1,0,0,0,-0.004523716963670044,0.008617153125596522,0.0,0.0,0.0
2019-02-13,1,1,0,0,0,-0.005877416046747741,-0.004154762764410069,0.0,-0.0,-0.0
2019-02-14,1,1,0,0,0,-0.0007313824747621211,0.0036433148001655535,-0.0,0.0,0.0
2019-02-15,0,1,0,0,0,-0.008844162660674781,-0.00222530947681443,-0.0,-0.0,-0.0
2019-02-19,0,1,0,0,0,-0.0,0.0029929622157607305,0.0,0.0,0.0
2019-02-20,0,1,0,0,0,0.0,0.006435218945380239,-0.0,-0.0,-0.0
2019-02-21,0,1,0,0,0,-0.0,-0.0056382416414197944,-0.0,-0.0,-0.0
2019-02-22,0,1,1,0,1,0.0,0.011165536043066027,0.0,0.0,0.0
2019-02-25,0,1,1,0,1,0.0,0.007284462179780737,0.0008825736547322105,0.0,-0.0008735432212264582
2019-02-26,0,1,1,0,1,-0.0,0.0005739393597883335,0.00208203509820426,0.0,0.005164898988360367
2019-02-27,0,1,1,0,1,-0.0,0.003097531397692199,0.0028660116253622636,-0.0,0.0008251079139613982
2019-02-28,0,1,1,0,1,-0.0,-0.009835920408138077,-0.0007677325817357916,-0.0,0.003467441748898903
2019-03-01,0,1,1,1,1,0.0,0.010511514843969838,0.019453250691601864,-0.0,0.018813868619397045
2019-03-04,0,1,1,1,1,0.0,0.00502901216314755,0.014619586796095208,-0.017575278883274592,0.0059685447311303985
2019-03-05,0,1,1,1,1,0.0,-0.0018197047929544574,-0.0022050158240090045,0.009286631633697917,0.012397646369264104
2019-03-06,0,1,1,1,1,0.0,-0.005754001781459572,-0.013873495481994347,0.014987292524821116,-0.0035885122392494972
2019-03-07,0,1,1,1,1,-0.0,-0.011574420908489702,-0.02576471998369667,-0.01949328309444398,-0.012575005868048605
2019-03-08,0,0,0,0,0,0.0,0.0023768989556969267,-0.0031673752931026256,-0.008508224469852332,-0.0008571173832905288
2019-03-11,0,0,0,0,0,0.0,0.0,0.0,0.0,0.0
2019-03-12,0,0,0,0,0,-0.0,0.0,0.0,-0.0,0.0
2019-03-13,0,0,0,0,0,0.0,0.0,0.0,0.0,0.0
2019-03-14,0,0,0,0,0,-0.0,0.0,-0.0,-0.0,-0.0
2019-03-15,1,0,0,0,0,-0.0,0.0,0.0,0.0,-0.0
2019-03-18,1,0,0,0,0,-0.033196778213043565,0.0,0.0,0.0,-0.0
2019-03-19,1,0,0,0,0,0.006854872041368143,-0.0,0.0,-0.0,0.0
2019-03-20,1,0,0,0,0,0.023952524265054675,0.0,0.0,0.0,0.0
2019-03-21,1,0,0,0,0,0.0038683734095332767,0.0,0.0,0.0,0.0
2019-03-22,1,0,0,0,0,-0.010476973860581107,-0.0,-0.0,-0.0,-0.0
2019-03-25,1,0,0,0,0,0.011865626165138865,-0.0,0.0,0.0,-0.0
2019-03-26,1,0,0,0,0,0.008358992980377344,-0.0,0.0,-0.0,-0.0
2019-03-27,1,0,0,0,0,-0.010794426935544332,0.0,-0.0,-0.0,-0.0
2019-03-28,1,0,0,0,0,-0.0019292191406158343,0.0,0.0,0.0,-0.0
2019-03-29,1,0,0,0,0,0.00688611064999467,0.0,0.0,0.0,0.0
2019-04-01,1,0,0,0,0,0.012058287618159413,0.0,0.0,0.0,0.0
2019-04-02,1,0,0,0,0,0.03260229648523327,0.0,-0.0,0.0,0.0
2019-04-03,1,0,0,0,0,-0.003788683006089255,0.0,0.0,0.0,0.0
2019-04-04,1,0,0,0,0,0.014290700127881584,0.0,-0.0,-0.0,0.0
2019-04-05,1,1,1,1,1,-0.0017043220962917882,0.0,0.0,-0.0,-0.0
2019-04-08,1,1,1,1,1,-0.004495943315012463,0.015736207450102402,0.0068470544892456076,-0.011163059676817078,-0.0027419349193738007
2019-04-09,1,1,1,1,1,0.015148976594727248,-0.002998583519119302,-0.007578913297284662,0.009130870090840126,-0.005474125823792475
2019-04-10,1,1,1,1,1,0.0013515665566774526,0.0056139077869814535,0.006258726672734749,-0.002166044380062071,0.0041010046428393565
2019-04-11,1,1,1,1,1,-0.001743449501999228,-0.008324079051775901,-0.001764730856449126,0.01024945133854449,0.0020464087366942607
2019-04-12,1,1,1,0,1,0.008957259883179525,-0.0004021650150779488,-0.0005476903050044557,-0.04490678504592993,0.010999254489942878
2019-04-15,1,1,1,0,1,0.0030708283564420125,0.0018100693122731215,0.0009820611162909554,-0.0,0.002652202515773361
2019-04-16,1,1,1,0,1,-0.004341615387212006,0.00010064035631818236,0.009848939749589336,0.0,0.0049381561973171895
2019-04-17,1,1,1,0,1,-0.0005031499659845506,0.01947307095817208,0.0009553942674214166,-0.0,0.007505328039868475
2019-04-18,1,1,1,0,1,-0.0027967133658630683,0.0035937285475946545,-0.001678383384266291,0.0,2.4231406201336014e-05
2019-04-22,1,1,1,0,1,0.017724847881615213,0.00328642251280864,0.01376167016316665,0.0,0.010085985235975592
2019-04-23,1,1,1,0,1,0.012896855533133023,0.014423413519345285,0.019318479950358514,0.0,0.012579700706275343
2019-04-24,1,1,1,0,1,-0.0065295162773010285,-0.0015422933459640076,-0.01144625325368731,-0.0,-0.006761306121179533
2019-04-25,1,1,1,0,1,0.05849472904667086,-0.009075094896027758,0.00026293177839042947,-0.0,0.0059315318299446584
2019-04-26,1,0,1,0,1,-0.00915856794052372,-0.004774140707553665,0.02543302552920257,0.0,0.006909704776389969
2019-04-29,1,0,1,0,1,0.017181183904107167,0.0,-0.006254395751948416,-0.0,0.012105086621680528
2019-04-30,1,0,1,0,1,-0.0070851079996582245,-0.0,-0.006144196629405907,-0.0,-0.07696603157811466
2019-05-01,1,0,1,0,0,-0.0019131533180428706,0.0,-0.007786060129541195,0.0,-0.01716481270918746
2019-05-02,1,0,1,0,0,-0.002590093744452404,-0.0,-0.005597598276473326,0.0,-0.0
2019-05-03,1,0,1,0,0,0.015270400584864507,0.0,0.03242811755501673,0.0,0.0
2019-05-06,1,0,1,0,0,-0.008134334131725707,-0.0,-0.006068961956673058,-0.0,0.0
2019-05-07,1,0,1,0,0,-0.02119870734471152,-0.0,-0.015149504925400126,-0.0,-0.0
2019-05-08,1,0,1,0,0,-0.0012120803196163932,0.0,-0.0016814851400369646,-0.0,-0.0
2019-05-09,1,0,1,0,0,-0.004695524756420988,-0.0,-0.009333722778829934,-0.0,-0.0
2019-05-10,0,0,0,0,0,-0.0016431991364312948,-0.0,-0.005205610992477072,-0.0,0.0
2019-05-13,0,0,0,0,0,-0.0,-0.0,-0.0,-0.0,-0.0
2019-05-14,0,0,0,0,0,-0.0,0.0,0.0,0.0,-0.0
2019-05-15,0,0,0,0,0,0.0,0.0,0.0,0.0,0.0
2019-05-16,0,0,0,0,0,0.0,-0.0,0.0,0.0,0.0
2019-05-17,0,0,0,1,0,-0.0,-0.0,-0.0,-0.0,-0.0
2019-05-20,0,0,0,1,0,-0.0,-0.0,-0.0,-0.01788694212758435,-0.0
2019-05-21,0,0,0,1,0,0.0,0.0,-0.0,0.017695567267018486,0.0
2019-05-22,0,0,0,1,0,0.0,-0.0,0.0,0.01541203641848865,0.0
2019-05-23,0,0,0,1,0,-0.0,-0.0,-0.0,-0.02090462097013035,-0.0
2019-05-24,0,1,0,1,1,0.0,-0.0,0.0,0.006189555226281618,-0.0
2019-05-28,0,1,0,1,1,0.0,-0.0041349227928566545,0.0,0.0018905242316742399,0.0006000417060838537
2019-05-29,0,1,0,1,1,-0.0,-0.004768993910831076,-0.0,-0.016532403417872543,-0.015597688915198304
2019-05-30,0,1,0,1,1,0.0,0.005186497301992166,-0.0,0.007617639805010512,0.0013345072997810181
2019-05-31,0,1,0,0,0,-0.0,-0.018115311558403402,-0.0,-0.02435699069363506,-0.01280913401557926
2019-06-03,0,0,0,0,0,-0.0,-0.010110367086696548,-0.0,-0.0,-0.0
2019-06-04,0,0,0,0,0,0.0,0.0,0.0,0.0,0.0
2019-06-05,0,0,0,0,0,0.0,0.0,0.0,0.0,-0.0
2019-06-06,0,0,0,0,0,0.0,0.0,0.0,0.0,0.0
2019-06-07,1,0,1,0,0,0.0,0.0,0.0,0.0,0.0
2019-06-10,1,0,1,0,0,0.008479983278806502,0.0,0.03137422141504986,-0.0,0.0
2019-06-11,1,0,1,0,0,0.0187622378457597,0.0,0.001649933470424525,-0.0,-0.0
2019-06-12,1,0,1,0,0,-0.01718148864914726,-0.0,-0.004496418192190821,-0.0,-0.0
2019-06-13,1,0,1,0,0,0.013882475054900256,-0.0,0.008074084887562893,-0.0,0.0
2019-06-14,1,0,1,0,0,0.021750239393643955,-0.0,-0.00033686328637261287,-0.0,-0.0
2019-06-17,1,0,1,0,0,0.042353574891796475,0.0,0.008750215966301989,0.0,0.0
2019-06-18,1,0,1,0,0,-0.002856779885150429,0.0,0.008133468756305495,0.0,0.0
2019-06-19,1,0,1,0,0,-0.005252977909388945,-0.0,0.0039024725343070887,0.0,-0.0
2019-06-20,1,0,1,0,0,0.010934528521647335,0.0,0.004924598579345574,0.0,0.0
2019-06-21,1,0,1,0,0,0.008494738935441948,-0.0,-0.0035919036198248655,0.0,0.0
2019-06-24,1,0,1,0,0,0.007638354409170489,-0.0,0.0013603018897809793,0.0,-0.0
2019-06-25,1,0,1,0,0,-0.01952235881072928,-0.0,-0.01861645619625707,-0.0,-0.0
2019-06-26,1,0,1,0,0,-0.006248621950323274,0.0,0.010413885939478895,0.0,-0.0
2019-06-27,1,0,1,0,0,0.009804932188422377,-0.0,0.0033985604479442877,0.0,-0.0
2019-06-28,1,1,0,1,1,0.01846968734700316,-0.0,-0.005592597818778633,-0.0,0.0
2019-07-01,1,1,0,1,1,0.0,0.0183407725421203,0.0,0.01981922746960829,0.0157643761357249
2019-07-02,1,1,0,1,1,0.010362699658705177,0.0058544900427512925,0.0,0.0022156608615651052,0.012113561119849958
2019-07-03,1,1,0,1,1,0.01128198619644527,0.008287109280164628,0.0,0.01675414502738959,0.00929583000694234
2019-07-05,1,1,0,1,1,-0.004056828610747187,-0.0008806680069105566,0.0,-0.0030651090432588513,0.008924887691516226
2019-07-08,1,1,0,1,1,-0.003258573366327955,-0.020613804460621887,0.0,-0.011535893500665861,-0.013467704221939769
2019-07-09,1,1,0,1,1,0.01762362808759943,0.006099385227573029,0.0,0.010022301618909824,0.007596210826124494
2019-07-10,1,1,0,1,1,0.01766969389932682,0.009888623389135764,0.0,0.0028163275994159687,0.013913111413201174
2019-07-11,1,1,0,1,1,-0.007398951389235409,-0.007282421356782254,-0.0,-0.003937007874015741,0.0032706495323131524
2019-07-12,1,1,0,0,1,0.01808872017168217,0.007682824041818526,0.0,-0.016469038208168696,0.0006030026470487115
2019-07-15,1,1,0,0,1,-0.0046857423173707335,0.00939512268383802,0.0,-0.0,0.004751403256439302
2019-07-16,1,1,0,0,1,-0.00034333290416721507,-0.003460349461740675,-0.0,-0.0,0.0028165795629804258
2019-07-17,1,1,0,0,1,-0.010007976193435075,-0.0056231426719550726,-0.0,-0.0,-0.006267381879795031
2019-07-18,1,1,0,0,1,-0.005054421995393521,0.011359541367227166,-0.0,-0.0,-1.755642094269927e-05
2019-07-19,0,1,0,0,0,-0.012052962226226649,-0.01492753014676762,-0.0,-0.0,-0.014158094861688175
2019-07-22,0,1,0,0,0,0.0,0.022854160440917592,0.0,-0.0,0.0
2019-07-23,0,1,0,0,0,0.0,0.007817687317065003,0.0,-0.0,0.0
2019-07-24,0,1,0,0,0,0.0,-0.000814166497048685,0.0,0.0,-0.0
2019-07-25,0,1,0,0,0,-0.0,-0.007907096587751128,-0.0,0.0,-0.0
2019-07-26,0,1,1,0,0,-0.0,0.003478029885077616,-0.0,0.0,0.0
2019-07-29,0,1,1,0,0,-0.0,0.009338543561689283,-0.015748424764873037,-0.0,-0.0
2019-07-30,0,1,0,0,0,0.0,-0.004292289479677747,-0.007278612913047322,-0.0,-0.0
2019-07-31,0,1,0,0,0,-0.0,0.020404342372376316,-0.0,-0.0,-0.0
2019-08-01,0,1,0,0,0,-0.0,-0.02163936438001468,-0.0,-0.0,-0.0
2019-08-02,0,0,0,0,0,-0.0,-0.021157937583664466,-0.0,-0.0,-0.0
2019-08-05,0,0,0,0,0,-0.0,-0.0,-0.0,-0.0,-0.0
2019-08-06,0,0,0,0,0,0.0,0.0,0.0,0.0,0.0
2019-08-07,0,0,0,0,0,0.0,0.0,0.0,-0.0,0.0
2019-08-08,0,0,0,0,0,0.0,0.0,0.0,0.0,0.0
2019-08-09,0,0,0,0,0,-0.0,-0.0,-0.0,-0.0,-0.0
2019-08-12,0,0,0,0,0,-0.0,-0.0,-0.0,0.0,-0.0
2019-08-13,0,0,0,0,0,0.0,0.0,0.0,0.0,0.0
2019-08-14,0,0,0,0,0,-0.0,-0.0,-0.0,-0.0,-0.0
2019-08-15,0,0,0,0,0,0.0,-0.0,0.0,-0.0,0.0
2019-08-16,1,0,0,1,1,0.0,0.0,0.0,0.0,0.0
2019-08-19,1,0,0,1,1,0.013445655706802562,0.0,0.0,0.02173057250696675,0.017705392230151773
2019-08-20,1,0,0,1,1,-0.012676475989814695,0.0,-0.0,-0.0335833424411931,-0.013150353317277652
2019-08-21,1,0,0,1,1,-0.0014145907822571413,0.0,0.0,-0.003946595920673701,0.007237799609155271
2019-08-22,1,0,0,1,1,-0.008226554107501394,-0.0,-0.0,-0.00295492055346247,-0.001443786970038663
2019-08-23,0,0,1,0,0,-0.023566175109400844,-0.0,-0.0,-0.018489173777637036,-0.03214723406596576
2019-08-26,0,0,1,0,0,0.0,0.0,0.011002318967479496,0.0,0.0
2019-08-27,0,0,1,0,0,0.0,-0.0,-0.003979912470737479,-0.0,-0.0
2019-08-28,0,0,1,0,0,0.0,0.0,0.0013735967509673763,0.0,0.0
2019-08-29,0,0,1,0,0,0.0,0.0,0.012554889043934425,0.0,0.0
2019-08-30,0,1,1,0,0,0.0,-0.0,-0.005659435682760394,-0.0,-0.0
2019-09-03,0,1,1,0,0,-0.0,-0.01456363990588061,0.007628234940805445,-0.0,-0.0
2019-09-04,0,1,1,0,0,0.0,0.0169664657087083,0.006022901313268436,0.0,0.0
2019-09-05,0,1,1,0,0,0.0,0.01955198847175388,0.022270161635782326,0.0,0.0
2019-09-06,0,1,1,0,0,-0.0,-9.426106824750313e-05,-0.003916990505865581,-0.0,-0.0
2019-09-09,0,1,1,0,0,0.0,0.004267256880276626,-0.0011780869502403535,0.0,-0.0
2019-09-10,0,1,1,0,0,-0.0,0.011812970752399066,-0.005897299060526495,-0.0,0.0
2019-09-11,0,1,1,0,0,0.0,0.031795197142138854,0.0013402724765312346,0.0,0.0
2019-09-12,0,1,1,0,0,-0.0,-0.0022361741412818548,0.011278173776551048,0.0,0.0
2019-09-13,0,1,1,0,0,-0.0,-0.019454217281829278,-0.0022835833039022146,0.0,0.0
2019-09-16,0,1,1,0,0,-0.0,0.005257143022679767,-0.01712575737502442,0.0,-0.0
2019-09-17,0,1,1,0,0,0.0,0.0036380612472055596,0.008136828085409498,0.0,-0.0
2019-09-18,0,1,1,0,0,0.0,0.009379391295708972,-0.0027928049815375555,-0.0,0.0
2019-09-19,0,1,1,0,0,0.0,-0.008125017067720175,0.002222836785043869,-0.0,0.0
2019-09-20,1,0,0,-1,1,-0.0,-0.014618013231301297,-0.015009572450642827,-0.0,-0.0
2019-09-23,1,0,0,-1,1,-0.016374357781742455,0.0,-0.0,0.017839285585468656,0.0033335689992259887
2019-09-24,0,0,0,-1,1,-0.029654379179157364,-0.0,-0.0,0.042606861152715614,-0.012374116411323799
2019-09-25,0,0,0,-1,1,0.0,0.0,0.0,-0.03990731689482829,0.02277732271537869
2019-09-26,0,0,0,-1,1,-0.0,-0.0,-0.0,0.005439102705972587,-0.004115461930297881
2019-09-27,0,0,0,-1,0,-0.0,-0.0,-0.0,0.0008735368518506537,-0.013130488014738595
2019-09-30,0,0,0,-1,0,0.0,0.0,0.0,-0.017257141465129244,-0.0
2019-10-01,0,0,0,-1,0,-0.0,0.0,-0.0,-0.007323785557278306,-0.0
2019-10-02,0,0,0,-1,0,-0.0,-0.0,-0.0,0.005749639699433873,-0.0
2019-10-03,0,0,0,-1,0,0.0,0.0,0.0,-0.00044769286174672906,0.0
2019-10-04,0,0,0,0,0,0.0,0.0,0.0,-0.017303802923928968,0.0
2019-10-07,0,0,0,0,0,-0.0,0.0,-0.0,0.0,-0.0
2019-10-08,0,0,0,0,0,-0.0,-0.0,-0.0,-0.0,-0.0
2019-10-09,0,0,0,0,0,0.0,0.0,0.0,-0.0,0.0
2019-10-10,0,0,0,0,0,0.0,0.0,-0.0,0.0,0.0
2019-10-11,0,0,0,0,0,0.0,0.0,0.0,0.0,0.0
2019-10-14,0,0,0,0,0,-0.0,-0.0,0.0,0.0,0.0
2019-10-15,0,0,0,0,0,0.0,-0.0,0.0,-0.0,0.0
2019-10-16,0,0,0,0,0,0.0,-0.0,0.0,0.0,0.0
2019-10-17,0,0,0,0,0,0.0,0.0,0.0,0.0,0.0
2019-10-18,1,1,1,0,0,-0.0,0.0,-0.0,-0.0,-0.0
2019-10-21,1,1,1,0,0,0.021038490683498168,0.017342807187990417,0.01601690499181374,0.0,0.0
2019-10-22,1,1,1,0,0,-0.039102123420408086,-0.00228680953479099,-0.011161118465189634,-0.0,-0.0
2019-10-23,1,1,1,0,0,0.020895089831128644,0.013418768027033678,-0.0020161792094772757,0.0,0.0
2019-10-24,1,1,1,0,0,0.0012355687084162348,0.0016449569268843778,0.010560886524610735,0.0,0.0
2019-10-25,1,1,1,0,1,0.00810164153135795,0.012316330796693586,-0.010922221117825037,0.0,0.0
2019-10-28,1,1,1,0,1,0.008036614138420273,0.010016857525447787,0.008942089145920873,0.0,0.019657967551988342
2019-10-29,1,1,1,0,1,-0.0004751765639222638,-0.0231279344701526,-0.008086279290598686,-0.0,-0.021224750297230477
2019-10-30,1,1,1,0,1,-0.005599238642386206,-0.00012333227930039214,0.009803069503577566,0.0,-0.001053420495590096
2019-10-31,1,1,1,0,1,0.01806107426924286,0.022609517138202806,-0.0018707552680410355,-0.0,-0.000935527359470556
2019-11-01,1,1,1,1,1,0.010279083106491838,0.028380994389116898,0.008318962677863917,-0.0,0.010816522908233317
2019-11-04,1,1,1,1,1,0.0056812387967839495,0.0065670840979883405,0.007379573116068405,0.021094061728907265,0.013840927693024252
2019-11-05,1,1,1,1,1,-0.0020541699105147693,-0.0014368288128658868,-0.0016346467664720699,-0.016492476998752448,0.0005112068753221344
2019-11-06,1,1,1,1,1,-0.01425480067084206,0.0004276517489052445,-0.003296920048778351,0.0019442334512622672,-0.00017788567183230075
2019-11-07,1,1,1,1,1,-0.005899247281310416,0.011541230306236105,-0.004215398090435696,0.003395859173097149,0.013206317492031827
2019-11-08,0,1,1,1,1,0.0022057735667571077,0.002736891696398569,-0.0012974492684962868,0.006906792656052652,0.001917613402940388
2019-11-11,0,1,1,1,1,-0.0,0.007918983787892797,-0.007968083918385438,0.008951487759371046,-0.009287843725137801
2019-11-12,0,1,1,1,1,0.0,-0.0009157110866161444,0.003584284648149527,-0.007376378286023666,-0.000300242346066959
2019-11-13,0,1,1,1,1,-0.0,0.00958172296880333,-0.013998865975055064,-0.0304784908613438,-0.0006158058652492304
2019-11-14,0,1,1,1,1,-0.0,-0.006919822746469406,0.0008499299602007238,0.022994631424041678,0.010369572707559227
2019-11-15,0,1,0,1,1,0.0,0.011879496953974389,-0.00861165809356279,0.018679662154956977,0.017850333754394487
2019-11-18,0,1,0,1,1,0.0,0.005042318268228652,0.0,0.025556752113748082,-0.010615113070427618
2019-11-19,0,1,0,1,1,0.0,-0.0030325655746031854,0.0,9.914657292764417e-05,-0.003967539392721098
2019-11-20,0,1,0,1,1,-0.0,-0.011641095590098516,-0.0,0.008460004980032965,-0.009434148466464731
2019-11-21,0,1,0,1,1,0.0,-0.004483315112207675,-0.0,0.0213986063079461,-0.0013045847576867997
2019-11-22,0,0,0,1,0,0.0,-0.0008782152698052492,0.0,-0.003882034860279493,-0.004618230126670508
2019-11-25,0,0,0,1,0,0.0,0.0,0.0,0.016329478959158816,0.0
2019-11-26,0,0,0,1,0,-0.0,-0.0,0.0,-0.009697346464806134,0.0
2019-11-27,0,0,0,1,0,0.0,0.0,0.0,0.011008360424044739,-0.0
2019-11-29,0,0,0,1,0,-0.0,-0.0,-0.0,-0.004019843139664081,-0.0
2019-12-02,0,0,0,1,0,-0.0,-0.0,-0.0,-0.014841458632756988,-0.0
2019-12-03,0,0,0,1,0,-0.0,-0.0,-0.0,-0.01235519433827481,0.0
2019-12-04,0,0,0,1,0,-0.0,0.0,-0.0,-0.006009917415343735,0.0
2019-12-05,0,0,0,1,0,0.0,0.0,-0.0,-0.004797653580169481,0.0
2019-12-06,1,0,0,0,0,0.0,0.0,0.0,0.014825401073506272,0.0
2019-12-09,1,0,0,0,0,0.0014424275607594073,-0.0,-0.0,-0.0,0.0
2019-12-10,1,0,0,0,0,-0.0023343445038932487,0.0,-0.0,-0.0,0.0
2019-12-11,1,0,0,0,0,0.006919675767170785,0.0,0.0,0.0,0.0
2019-12-12,0,0,0,0,0,-0.027242098982890317,0.0,0.0,-0.0,0.0
2019-12-13,0,0,1,0,0,-0.0,0.0,0.0,0.0,-0.0
2019-12-16,0,0,1,0,0,0.0,0.0,0.0046964185941400505,0.0,0.0
2019-12-17,0,0,1,0,0,0.0,0.0,0.012123992912275838,0.0,-0.0
2019-12-18,0,0,1,0,0,0.0,-0.0,-0.00370251419034362,0.0,-0.0
2019-12-19,0,0,1,0,0,0.0,0.0,0.004624344595139496,0.0,0.0
2019-12-20,0,1,1,0,1,0.0,-0.0,-0.0032249589345579865,0.0,-0.0
2019-12-23,0,1,1,0,1,-0.0,0.016318160493338674,0.0036384504756830083,-0.0,-0.0005557479385985831
2019-12-24,0,1,1,0,1,-0.0,0.0009504796223620549,-0.00211376350409187,0.0,-0.003914381350746843
2019-12-26,0,1,1,0,1,0.0,0.019840548841099315,0.04446651549531899,-0.0,0.01253380526634329
2019-12-27,0,1,1,0,1,0.0,-0.00037952409226127415,0.0005511476895359024,-0.0,-0.006255617639050692
2019-12-30,0,1,1,0,1,-0.0,0.005935054176023025,-0.012252649580489328,-0.0,-0.011650170327317522
