Date,pos_NVDA,pos_MSFT,pos_AAPL,pos_AMZN,pos_META,pos_AVGO,pos_GOOGL,pos_TSLA,pos_GOOG,pos_BRK-B,ret_NVDA,ret_MSFT,ret_AAPL,ret_AMZN,ret_META,ret_AVGO,ret_GOOGL,ret_TSLA,ret_GOOG,ret_BRK-B
2022-10-18,0,0,0,0,0,0,0,0,0,0,0.0,0.0,0.0,0.0,0.0,0.0,0.0,0.0,0.0,0.0
2022-10-19,0,1,0,1,0,0,1,0,1,1,0.0,-0.0,0.0,-0.0,0.0,0.0,-0.0,0.0,-0.0,-0.0
2022-10-20,1,1,0,1,0,0,1,0,1,1,0.0,-0.001395470731320736,-0.0,0.0015642678860967596,-0.0,-0.0,0.0034126869141961613,-0.0,0.002393023948009221,-0.01728101466508125
2022-10-21,1,1,1,1,0,1,1,0,1,1,0.022305859669184747,0.02528045596896078,0.0,0.03531453097461368,-0.0,0.0,0.011603400250186136,0.0,0.009450062653256763,0.03283007723614917
2022-10-24,1,1,1,1,1,1,1,0,1,1,0.010669077231361568,0.021188019011745496,0.01480281904932701,0.004190412347291339,-0.0,0.015098061957053543,0.01374482947110689,-0.0,0.014682551367318553,0.017592301330584093
2022-10-25,1,1,1,1,1,1,1,0,1,1,0.05254390323236802,0.01379168273987541,0.019337492156832337,0.006509754475742646,0.06005236208734921,0.007776087931504083,0.0191181149421773,0.0,0.019034743726310088,0.0061220926004854626
2022-10-26,1,0,1,0,0,1,0,0,0,1,-0.027524392336354175,-0.07715632456238641,-0.019627200401277745,-0.040961814879887926,-0.0559230916950999,0.0024128045429325784,-0.09140502498493086,0.0,-0.0963499239050456,-0.0024892865613765913
2022-10-27,1,0,0,0,0,1,0,0,0,1,0.021712236201883117,-0.0,-0.030465258506987114,-0.0,-0.0,-0.012533188173438958,-0.0,0.0,-0.0,0.0047137665358645275
2022-10-28,1,0,0,0,0,1,0,0,0,1,0.049939204138365056,0.0,0.0,-0.0,0.0,0.03842771726992256,0.0,0.0,0.0,0.03363460685721176
2022-10-31,1,0,0,-1,-1,1,-1,0,-1,1,-0.024360267418651382,-0.0,-0.0,-0.0,-0.0,-0.005878591916203768,-0.0,-0.0,-0.0,-0.015152049097010512
2022-11-01,1,0,1,-1,-1,1,-1,0,-1,1,0.003408262812448548,-0.0,-0.0,0.05515425020719422,-0.021897758493139463,-0.0047222787130098975,0.042746905125857104,0.0,0.043946711772760216,-0.00325321585615157
2022-11-02,0,-1,0,-1,-1,0,-1,0,-1,0,-0.023923871029147614,-0.0,-0.03730504154967329,0.048248766657425834,0.048949563129021545,-0.025368545903714845,0.03868680752428255,-0.0,0.03790069324563794,-0.01587737854080884
2022-11-03,0,-1,0,-1,-1,0,-1,0,-1,0,0.0,0.0265786976794814,-0.0,0.030612240672440172,0.01800306226206705,-0.0,0.040703639740071074,0.0,0.04111630383795284,-0.0
2022-11-04,0,-1,0,-1,-1,0,-1,0,-1,0,0.0,-0.03332538702140009,-0.0,-0.01881299269611514,-0.021144926473882997,0.0,-0.037756232901232645,-0.0,-0.03844767736120103,0.0
2022-11-07,1,0,0,-1,0,1,0,-1,0,1,0.0,-0.0292697319593076,0.0,0.00494619214148917,-0.0653155004144712,0.0,-0.02206046041868137,-0.0,-0.02249133139311521,0.0
2022-11-08,1,0,0,-1,0,1,0,-1,0,1,0.02104743648403473,0.0,0.0,0.006075283660437414,-0.0,0.014498623015269052,0.0,0.02932818513088775,0.0,0.008339304902982958
2022-11-09,0,0,0,-1,0,1,0,-1,0,1,-0.05656750081884232,-0.0,-0.0,0.042676192754212194,0.0,-0.026218033271458552,-0.0,0.07166757185130745,-0.0,-0.01353334354027702
2022-11-10,0,1,1,0,0,1,0,0,0,1,0.0,0.0,0.0,-0.12177847617944293,0.0,0.0790252417950481,0.0,-0.07393437216942544,0.0,0.050407131883622336
2022-11-11,0,1,1,0,0,1,0,0,0,1,0.0,0.016997284556132586,0.019268680016347517,0.0,0.0,0.02274117860332492,0.0,0.0,0.0,0.02150392068328766
2022-11-14,1,1,1,0,0,1,0,0,0,1,-0.0,-0.022499991614729153,-0.009485337440435004,-0.0,0.0,-0.00939999795389379,-0.0,-0.0,-0.0,-0.0026152575080760077
2022-11-15,1,1,1,0,0,1,0,0,0,1,0.022767666601586134,0.00173870449035185,0.01186930056928559,0.0,0.0,0.02182302356134813,0.0,0.0,0.0,0.003463815711805651
2022-11-16,1,1,1,0,0,1,0,0,0,1,-0.04536185823357264,0.0018235179723642414,-0.008331241464504813,-0.0,-0.0,-0.02419810174393988,0.0,-0.0,0.0,-0.003935741588050101
2022-11-17,0,1,1,0,0,1,0,0,0,1,-0.014644935657669111,-0.00020682464560151104,0.012971567133538198,-0.0,-0.0,0.0007424573722596417,-0.0,-0.0,-0.0,-0.004275188763016136
2022-11-18,0,0,1,0,0,1,0,0,0,1,-0.0,-0.0019033610343835994,0.0037816394290888233,-0.0,0.0,0.005955952298436262,-0.0,-0.0,-0.0,0.010798878798641276
2022-11-21,0,0,0,0,0,1,0,-1,0,1,-0.0,0.0,-0.0216802525586951,-0.0,-0.0,0.004425707201197726,-0.0,-0.0,-0.0,0.0014158914518573873
2022-11-22,1,0,0,0,0,1,0,-1,0,1,0.0,0.0,0.0,0.0,0.0,0.024370016439077435,0.0,-0.012152311933396831,0.0,0.014652947878292855
2022-11-23,1,1,0,0,0,1,1,0,1,1,0.029991042385128397,0.0,0.0,0.0,0.0,0.006772820448214922,0.0,-0.07821783885404354,0.0,0.001330069980894688
2022-11-25,1,1,1,0,1,1,1,0,1,1,-0.015073316949351767,-0.0003634373921144185,-0.0,-0.0,-0.0,-0.006989639357604216,-0.010156472483703216,-0.0,-0.012345603198383404,0.0039534443322029045
2022-11-28,1,0,1,0,1,1,1,0,1,1,-0.027228099291895624,-0.02315251073743052,-0.02626409568527388,0.0,-0.02360661417077603,-0.014530964114207845,-0.014467427695375679,0.0,-0.013831925078541696,-0.013105263390653654
2022-11-29,0,0,0,0,1,1,0,0,0,1,-0.011878391860181026,-0.0,-0.02114824662843695,-0.0,0.0062511582034252555,-0.0015701462450513626,-0.008953686367442648,-0.0,-0.008415606306018342,0.005937421184189606
2022-11-30,0,0,0,1,1,1,0,0,0,1,0.0,0.0,0.0,0.0,0.07893290503552186,0.056848201326819225,0.0,0.0,0.0,0.011011332361047454
2022-12-01,0,1,0,1,1,1,0,0,0,1,0.0,-0.0,0.0,-0.010772746070691896,0.019813763750620828,-0.0005081288593800082,0.0,0.0,-0.0,-0.008662930674044778
2022-12-02,1,1,1,0,1,1,1,0,1,1,-0.0,0.0012958514446288483,-0.0,-0.01434557849824114,0.025323861235379663,-0.018066373071183528,-0.0,0.0,-0.0,0.0009815019066239383
2022-12-05,1,0,1,0,1,0,1,0,1,0,-0.015762152033213517,-0.018900608520013962,-0.007983219713319278,-0.0,-0.008583686451674954,-0.0187869478807261,-0.00955808146958681,-0.0,-0.00952083255403735,-0.017649807622936886
2022-12-06,0,0,0,0,0,0,0,0,0,0,-0.03750741793377366,-0.0,-0.0253701388279155,-0.0,-0.06787559159526857,-0.0,-0.02513057033021393,-0.0,-0.02563349773109247,-0.0
2022-12-07,0,0,0,1,0,0,0,-1,0,0,0.0,-0.0,-0.0,0.0,-0.0,-0.0,-0.0,-0.0,-0.0,-0.0
2022-12-08,0,1,0,1,0,1,0,-1,0,1,0.0,0.0,0.0,0.021365582288144003,0.0,0.0,-0.0,0.003447430865732959,-0.0,0.0
2022-12-09,1,1,1,1,1,1,1,-1,1,1,-0.0,-0.008003079047976147,-0.0,-0.01394579034322141,0.0,0.02568353689609748,-0.0,-0.0323454827685834,-0.0,0.0013073120913402736
2022-12-12,1,1,1,0,1,1,1,-1,1,1,0.03140987503427839,0.02888907753735981,0.016389731048097822,0.01638799835988136,-0.010267470181318017,0.02186439793385575,0.005170608909084384,0.0627198857086465,0.005264791668575297,0.016514890553465778
2022-12-13,1,1,1,0,1,1,1,-1,1,1,0.030624493519499252,0.01746469392134853,0.006782573606125553,0.0,0.047424006814092534,0.02588809018724736,0.024863352167759256,0.04093677795344208,0.02447628838267324,0.0028254112401493447
2022-12-14,1,1,1,0,1,1,1,-1,1,1,-0.022022961374115968,0.0011678216102717354,-0.015535788499425385,-0.0,0.011984937463794143,0.00595384547988087,-0.0058558599085709595,0.025784367661833008,-0.005633897858463244,-0.009733224980113642
2022-12-15,0,0,0,0,0,0,0,-1,0,0,-0.04085113553691244,-0.031918366757992866,-0.04685437576338036,-0.0,-0.044740460165186846,-0.02861910120999034,-0.04428313676063633,-0.005548438139381551,-0.04312240848585658,-0.023861116359795376
2022-12-16,0,0,0,0,0,0,0,-1,0,0,-0.0,-0.0,-0.0,-0.0,0.0,-0.0,-0.0,0.047187179094365206,-0.0,-0.0
2022-12-19,0,0,0,0,0,0,0,-1,0,0,-0.0,-0.0,-0.0,-0.0,-0.0,-0.0,-0.0,0.00239632976495896,-0.0,0.0
2022-12-20,1,1,0,0,1,1,0,-1,0,1,-0.0,0.0,-0.0,0.0,0.0,-0.0,0.0,0.08053641461716088,0.0,0.0
2022-12-21,1,1,0,0,1,1,0,-1,0,1,0.025862503826314498,0.010876691701586338,0.0,0.0,0.0228029677726429,0.03163491080648395,0.0,0.0016690545895901021,0.0,0.019271547431187974
2022-12-22,0,0,0,0,1,1,0,-1,0,0,-0.07041999716305691,-0.025528654078542212,-0.0,-0.0,-0.02204415253168257,-0.014503809156805825,-0.0,0.08882756559936855,-0.0,-0.01666559924874933
2022-12-23,0,0,0,0,1,1,0,-1,0,0,-0.0,0.0,-0.0,0.0,0.00785522960232865,-0.00119345136761273,0.0,0.017550833466474902,0.0,0.0
2022-12-27,0,0,0,0,1,1,0,-1,0,0,-0.0,-0.0,-0.0,-0.0,-0.009827244618485609,0.0020094354658439784,-0.0,0.1140885333144338,-0.0,-0.0
2022-12-28,-1,1,0,0,0,0,0,-1,0,1,-0.0,-0.0,-0.0,-0.0,-0.010780297588992127,-0.0156268558330106,-0.0,-0.03308891531476843,-0.0,-0.0
2022-12-29,-1,1,0,0,0,0,0,0,0,1,-0.0403961176864962,0.027629649710283477,0.0,0.0,0.0,0.0,0.0,-0.0808269069678893,0.0,0.01855454311936855
2022-12-30,-1,1,0,0,0,0,0,0,0,1,-0.0007533716732512907,-0.004937533334933741,0.0,-0.0,0.0,0.0,-0.0,0.0,-0.0,-0.0005177106819819199
2023-01-03,-1,0,0,0,1,1,0,0,0,1,0.020460018763612142,-0.0010008080072964054,-0.0,0.0,0.0,-0.0,0.0,-0.0,0.0,0.003269698237557961
2023-01-04,0,0,0,0,1,1,0,0,0,1,-0.03031790479020402,-0.0,0.0,-0.0,0.021083898788325728,0.012213538014929304,-0.0,0.0,-0.0,0.014972037288342177
2023-01-05,0,0,0,0,1,1,0,-1,0,1,-0.0,-0.0,-0.0,-0.0,-0.003376012830970221,-0.009317365756379647,-0.0,-0.0,-0.0,-0.005245569736185729
2023-01-06,0,0,0,1,1,1,0,-1,0,1,0.0,0.0,0.0,0.0,0.024263534042422208,0.06019604676359824,0.0,-0.024651090365942707,0.0,0.018504342147214414
2023-01-09,0,0,0,1,1,1,0,0,0,1,0.0,0.0,0.0,0.01486987397850048,-0.004230241319178818,-0.019611573204924793,0.0,-0.059349011404278285,0.0,-0.009915603369736625
2023-01-10,0,0,0,1,1,0,1,0,1,1,0.0,0.0,0.0,0.028731709234134817,0.027187728530400745,-0.0033973021902921063,0.0,-0.0,0.0,0.002598825238142588
2023-01-11,0,0,0,1,1,0,1,0,1,1,0.0,0.0,0.0,0.058083825879343465,-0.0007518847336345225,0.0,0.035059950917458726,0.0,0.0338413228817378,0.012707409312824325
2023-01-12,0,0,0,1,1,0,1,0,1,1,0.0,0.0,-0.0,0.0018929468094222024,0.02874573446758144,0.0,-0.004261202317799917,0.0,-0.003793593478779278,-0.004494810573254626
2023-01-13,1,0,0,1,1,1,1,0,1,1,0.0,0.0,0.0,0.029915043601747016,0.0019747243370624723,-0.0,0.010863648828145056,-0.0,0.009683367643271934,-0.004044705913423208
2023-01-17,1,1,1,1,1,1,1,0,1,0,0.04751740847986752,0.0,0.0,-0.02109661268732821,-0.011826451970260887,0.0004143804956568964,-0.009010022477314639,0.0,-0.006896474656914564,-0.008752138171105206
2023-01-18,1,1,1,1,0,1,1,0,1,0,-0.0183593266783727,-0.018889073658816313,-0.00536990721073527,-0.006142675153973931,-0.017287274313536494,-0.008545695864690006,-0.001862230143876431,-0.0,-0.004123527453022469,-0.0
2023-01-19,0,0,1,0,0,0,1,0,1,0,-0.035219376067765706,-0.01645399721402052,0.0004433563102683724,-0.01864654092151996,0.0,-0.019275944842900516,0.021180931100366784,-0.0,0.023207856228599555,-0.0
2023-01-20,0,0,1,0,0,0,1,1,1,1,0.0,0.0,0.01922071361545097,0.0,0.0,0.0,0.05341208588533619,0.0,0.05718243077824359,0.0
2023-01-23,0,0,1,0,1,0,1,1,1,1,0.0,0.0,0.023500666121199165,0.0,0.0,0.0,0.01805751605076389,0.07742468874848996,0.019439920695640156,0.0017749969962044254
2023-01-24,1,1,1,1,1,1,1,1,1,1,0.0,-0.0,0.010062970601729893,-0.0,-0.0009074333342441454,0.0,-0.020943980256936,0.0009739087975544347,-0.019760948107768295,0.0028347861837820787
2023-01-25,1,1,1,1,1,1,0,1,0,1,0.0030106425918323687,-0.005908149980416777,-0.00470060499783842,0.008928577793566816,-0.011457258857790031,0.0011112094314964516,-0.02538391008598273,0.003752820129427681,-0.024997464241939937,0.0019274209028066203
2023-01-26,1,1,1,1,1,1,0,1,0,1,0.024789134226418152,0.030713645973199144,0.014803256452447622,0.02099198301215366,0.04098930106752796,0.022025527748550378,0.0,0.10967259156647335,0.0,-0.00304578938135025
2023-01-27,1,1,1,1,1,1,0,1,0,1,0.02843133908836215,0.000645156381568146,0.013684309189071042,0.03043737760442866,0.030142670037832886,-0.01268006726689197,0.0,0.11000180416824756,0.0,-0.005724388838781458
2023-01-30,0,0,0,1,0,0,1,0,1,0,-0.059071776237831664,-0.021961706314955975,-0.02007811537382409,-0.01652968356145279,-0.030842300463479355,-0.01614231945763811,-0.0,-0.06318150994943417,-0.0,-0.005951504918179418
2023-01-31,0,0,0,1,0,0,1,0,1,0,0.0,0.0,0.0,0.025658817736008643,0.0,0.0,0.019599677789633674,0.0,0.01960201363929981,0.0
2023-02-01,0,0,0,1,0,0,1,0,1,0,0.0,0.0,0.0,0.019586971068148662,0.0,0.0,0.016086609984210742,0.0,0.015620184335419784,-0.0
2023-02-02,1,1,1,1,1,1,1,1,1,1,0.0,0.0,0.0,0.07379935352944922,0.0,0.0,0.07278700126179949,0.0,0.07266102970311428,0.0
2023-02-03,1,1,1,0,1,1,1,1,1,1,-0.02805289235266495,-0.023620603547867325,0.02440010091640432,-0.08431497620839845,-0.011866275876579513,-0.013453833649059499,-0.02747350884654609,0.009082654784473565,-0.032904519070853455,-0.010741921834444557
2023-02-06,1,0,1,0,1,1,0,1,0,0,-0.0005212617048632184,-0.006115658789494716,-0.017928887983485575,-0.0,-0.002519850147314262,0.00615757827108987,-0.01794232256692807,0.025160537355481072,-0.016631821293829896,-0.00025936626790334927
2023-02-07,1,0,1,0,1,1,0,1,0,0,0.05140106582593629,0.0,0.019244627244533463,-0.0,0.029883033277643634,0.021869207279316072,0.0,0.010525791279409002,0.0,0.0
2023-02-08,1,0,1,0,1,0,0,1,0,0,0.001443164702366273,-0.0,-0.017653051126789276,-0.0,-0.04274081695098664,-0.02073384363826547,-0.0,0.022763049555982517,-0.0,-0.0
2023-02-09,1,1,0,-1,0,0,0,1,0,1,0.005944722728062235,-0.0,-0.006911450824092835,-0.0,-0.030038712325538452,-0.0,-0.0,0.029956849516678652,-0.0,-0.0
2023-02-10,0,1,0,-1,0,0,0,1,-1,1,-0.04799229262454019,-0.001972462427441979,0.0,0.006412838631079665,-0.0,-0.0,-0.0,-0.05030873801899527,-0.0,0.008723750098965422
2023-02-13,0,1,0,-1,0,1,0,0,-1,1,0.0,0.03124302444359439,0.0,-0.019772567289289666,0.0,0.0,0.0,-0.011427700782035255,-0.001475829914428628,0.012423683900577354
2023-02-14,0,1,1,0,1,1,0,0,-1,1,0.0,0.00313290871503602,-0.0,-0.0016073541414833858,0.0,0.001979629222462087,0.0,0.0,0.0005264728686965592,-0.009402632056083715
2023-02-15,1,1,1,0,1,1,1,0,0,0,-0.0,-0.007992993310733998,0.01390354172106334,0.0,-0.012926064638192902,0.008932350615868945,0.0,0.0,-0.022643462367578193,-0.0037324355037677837
2023-02-16,1,0,1,0,1,1,1,1,0,0,-0.033473894672926496,-0.0266226409928787,-0.010429538472556454,-0.0,-0.026642695093075153,-0.011765937842249774,-0.01475138649117591,-0.0,-0.0,-0.0
2023-02-17,0,0,1,1,1,0,1,1,0,0,-0.027906657908506105,-0.0,-0.007546580367190914,-0.0,0.0025516865659933607,-0.008242529550711475,-0.01214532110516775,0.031033480898909227,-0.0,0.0
2023-02-21,0,0,0,1,1,0,0,0,0,1,-0.0,-0.0,-0.026679808870866295,-0.02695468312187932,-0.004627613806094888,-0.0,-0.027132941766337404,-0.05251789433835996,-0.0,-0.0
2023-02-22,0,1,0,1,0,0,0,0,0,1,0.0,-0.0,0.0,0.012793392483054111,-0.005578703996970802,-0.0,-0.0,0.0,-0.0,0.0014534964311310183
2023-02-23,1,1,0,1,0,1,0,0,0,1,0.0,0.012961730693145546,0.0,0.000313172345862478,0.0,0.0,-0.0,0.0,-0.0,-0.00029686085500557624
2023-02-24,1,1,1,0,0,1,0,1,0,1,-0.015973575867042844,-0.021784424022952553,-0.0,-0.024212061179431754,-0.0,-0.010363147747040058,-0.0,-0.0,-0.0,0.003134528876151288
2023-02-27,1,1,1,0,1,1,0,1,0,1,0.009232895850140643,0.003771834650208916,0.008247654585074926,0.0,-0.0,0.013327463625005365,0.0,0.0546017865369246,0.0,0.0021051729214052184
2023-02-28,1,0,1,0,1,1,0,1,0,1,-0.012127067097093103,-0.0029581245545045043,-0.0034478242013882276,0.0,0.0318507906032266,0.015099566058373926,0.0,-0.009247209573726933,0.0,0.0017067846367144757
2023-03-01,1,0,0,0,1,1,0,1,0,1,-0.02231230717081567,-0.0,-0.014245893056754388,-0.0,-0.008688572556421748,-0.0012115598123981774,0.0,-0.014291975817664837,0.0,-0.001834974677349499
2023-03-02,1,0,0,0,1,1,0,0,0,1,0.027139094736601255,0.0,0.0,-0.0,0.0064005345789373,0.008558429095639974,0.0,-0.05853928157947319,0.0,0.010275113035860928
2023-03-03,1,1,0,0,1,1,0,0,0,1,0.024706130331011877,0.0,0.0,0.0,0.061422246485437926,0.05697806026318375,0.0,0.0,0.0,0.015272176139825344
2023-03-06,1,1,1,0,1,1,0,0,0,1,-0.01406443167769622,0.00618897646719252,0.0,-0.0,-0.0018893334747757118,0.00025292972738655273,0.0,-0.0,0.0,0.014466278883282335
2023-03-07,1,1,1,0,1,1,0,1,0,0,-0.011125101074649701,-0.010589063153834233,-0.014496632862884606,-0.0,-0.0021092945550175157,-0.012276353155895703,-0.0,-0.0,-0.0,-0.018456024484923783
2023-03-08,1,1,1,0,1,1,0,1,0,0,0.03834580543650201,-0.0017705624528753239,0.008377151067458177,0.0,0.0024931019906873075,0.01137324197114542,0.0,-0.03041929843714275,0.0,0.0
2023-03-09,1,0,0,0,0,1,0,0,0,0,-0.030809317282163073,-0.0054393228732196874,-0.014914530104573887,-0.0,-0.01773268452435195,-0.015405138237230886,-0.0,-0.04989011995084991,-0.0,-0.0
2023-03-10,0,0,0,0,0,0,1,0,1,1,-0.020097259306185666,-0.0,-0.0,-0.0,-0.0,-0.012352868778947479,-0.0,0.0,-0.0,-0.0
2023-03-13,0,0,0,0,0,0,1,0,1,1,0.0,0.0,0.0,0.0,0.0,0.0,0.005296378509544786,0.0,0.0071420094859917516,-0.002470111609323533
2023-03-14,0,1,1,1,1,0,1,0,1,1,0.0,0.0,0.0,0.0,0.0,0.0,0.03139061509157237,0.0,0.028256504578331842,0.008088951564831914
2023-03-15,1,1,1,1,1,1,1,0,1,0,0.0,0.01783029723763052,0.0026214740338896814,0.01391230747297123,0.01922485880784852,-0.0,0.02277324762045141,-0.0,0.024403298208225843,-0.0243997707958169
2023-03-16,1,1,1,1,1,1,1,0,1,0,0.05419318800467354,0.0405365650693561,0.018693976669188483,0.03991688242309577,0.036308435957435936,0.01670824682770644,0.043803952349285025,0.0,0.04681506205471253,0.0
2023-03-17,1,1,1,1,0,1,1,0,1,0,0.007204384482061732,0.011694644347599814,-0.00545408347931986,-0.010895681300578386,-0.04547885620360492,-0.00868822069469477,0.012958653343924098,-0.0,0.013752785788263555,-0.0
2023-03-20,1,0,1,1,0,1,1,0,1,1,0.006802622658199198,-0.025766962147843575,0.015483689614492757,-0.012531560404374087,0.0,0.020191305182002406,-0.003936333169316297,0.0,-0.005172675677171057,0.0
2023-03-21,1,0,1,1,0,1,1,1,1,1,0.011544352711813755,0.0,0.01194421875802143,0.029679680207260972,0.0,-0.0036927842082237206,0.03655400672271214,0.0,0.03835956556467712,0.009267284154477862
2023-03-22,1,0,1,1,1,1,1,1,1,1,0.010267552794757773,-0.0,-0.00910349282964984,-0.018984232685839597,-0.0,-0.009155995858448396,-0.014773163085264995,-0.03254381959196684,-0.015306019507387303,-0.013559305691716483
2023-03-23,1,1,1,1,1,1,1,1,1,1,0.02731611037362125,0.0,0.006969565467230376,0.00010133876939955044,0.022371248967595125,0.013171452855398114,0.021572960494359972,0.0055977366381618765,0.019574087387501216,-0.0045374697871100045
2023-03-24,1,1,1,0,1,1,1,1,1,1,-0.015152190567397916,0.010480637241747415,0.00830566996423543,-0.005875816395847999,0.008468721750760633,-0.004787107115735378,-0.001515015721943569,-0.009416281069083654,-0.0018822314588778921,0.0018434102609106162
2023-03-27,1,1,1,0,1,0,0,1,0,1,-0.009260868356543495,-0.014934061860576442,-0.012293211766442491,-0.0,-0.015387435862084353,-0.014665945325801344,-0.028262513910173204,0.007352522816861606,-0.0282859897565092,0.01077211653973631
2023-03-28,0,1,0,0,1,0,0,0,0,1,-0.004560795947423646,-0.004160768220794586,-0.003980516573007353,-0.0,-0.010648828372291752,-0.0,-0.0,-0.013659325116185062,-0.0,0.0005957260443991697
2023-03-29,0,1,0,1,1,0,0,0,0,1,0.0,0.019183691878120523,0.0,0.0,0.023270805210086065,0.0,0.0,0.0,0.0,0.009857040210885515
2023-03-30,0,1,0,1,1,1,1,0,1,1,0.0,0.012619828256055676,0.0,0.0174563591022443,0.012125653122509794,0.0,-0.0,0.0,-0.0,-0.0007206067130677285
2023-03-31,1,1,1,1,1,1,1,1,1,1,0.0,0.014962270400138866,0.0,0.012647067799287592,0.01972661664628017,0.012291818966862822,0.02814941865595877,0.0,0.0264508144949418,0.012095196682238463
2023-04-03,1,1,1,1,1,1,1,0,1,1,0.006768342529864135,-0.0037112970860296857,0.007701681573005992,-0.008519675143944028,0.005331847065147999,0.0014498134070115576,0.006073479998877307,-0.061168427796826186,0.00875008623339757,0.004987559023599486
2023-04-04,1,1,1,1,1,1,1,0,1,1,-0.018308770107702488,-0.00017427661934554806,-0.0032495393099974956,0.015037527888523972,0.007743799070210944,-0.012545361464307958,0.0034495457739824875,-0.0,0.0020015663413510687,-0.00399597255689732
2023-04-05,0,1,1,0,1,0,1,0,1,1,-0.020835584391348028,-0.00988913251665069,-0.011290365009178127,-0.027417013542964663,-0.01508930104247408,-0.008511898247850591,-0.002387205424007721,-0.0,-0.0016170684796968926,0.004270900743966521
2023-04-06,0,1,1,0,1,0,1,1,1,1,0.0,0.025532752962261318,0.0054959487049819344,0.0,0.02184602033432892,-0.0,0.03780974854803154,-0.0,0.03763700537917214,0.006830100896089375
2023-04-10,0,1,0,0,1,0,1,1,1,1,0.0,-0.007578860488729577,-0.015972290250505505,0.0,-0.006247070276006128,0.0,-0.018262182340107014,-0.0029720256079851515,-0.01790646035576482,0.0003519418518624917
2023-04-11,1,0,0,1,1,1,0,1,0,1,-0.0,-0.022668435628637074,-0.0,-0.0,-0.004190918159313273,-0.0,-0.01024066560140413,0.012357047570192181,-0.007760467811526284,0.00345472812587988
2023-04-12,0,0,0,0,1,1,0,0,0,1,-0.024807731422234247,0.0,-0.0,-0.020916697119598093,0.0007013422206867403,-0.007834995098635722,-0.0,-0.03346003653646468,-0.0,0.00270951722302315
2023-04-13,0,0,1,0,1,1,0,0,0,1,-0.0,0.0,0.0,0.0,0.029672980588322906,0.012226279875865886,0.0,0.0,0.0,0.011127007266977351
2023-04-14,0,1,1,0,1,1,1,0,1,1,0.0,-0.0,-0.0021139307119361073,0.0,0.005173636706943485,-0.007529136570968653,0.0,-0.0,0.0,0.005313637812513816
2023-04-17,1,1,1,1,1,1,0,1,0,1,0.0,0.009295983555375864,0.00012092100846805565,0.0,-0.011874287515715731,0.012622314992391637,-0.026637198358093417,0.0,-0.027772726963309236,0.01266659921887836
2023-04-18,1,1,1,1,1,1,0,1,0,1,0.024627846867107506,-0.0014888647010765643,0.007504705343744478,-0.004282604839014548,-0.004431956949710325,0.007906122024805784,-0.0,-0.014595786064655836,-0.0,0.002594262687923843
2023-04-19,1,1,1,1,0,1,0,0,0,1,0.009541998031079801,0.0002773734770755709,0.0069681314580256615,0.019550341547772243,-0.01005090913292972,0.003447627303597489,-0.0,-0.020183393575926356,-0.0,-0.004743888493849435
2023-04-20,0,1,1,1,0,1,1,0,1,1,-0.029608660640874196,-0.008112137823833576,-0.005846136234661681,-0.0046980391066805405,-0.0,-0.0023325406778569313,0.0,-0.0,0.0,0.0022594663858446218
2023-04-21,0,1,0,1,0,1,1,0,1,1,0.0,-0.0012234069911114531,-0.009781079054204,0.03034391291745231,-0.0,-0.00018949788245170573,0.001139716670857105,0.0,9.451492806356043e-05,0.0015748849253043318
2023-04-24,0,0,0,1,1,1,1,-1,1,1,-0.0,-0.013962899874341295,0.0,-0.007011967150520215,-0.0,0.002591253121388748,0.005312622912433618,-0.0,0.008214406035618627,0.005303244509955007
2023-04-25,1,0,0,0,0,0,1,-1,0,1,-0.0,-0.0,-0.0,-0.03427172037496595,-0.024625033216182923,-0.019730853522164638,-0.020005644255194244,0.011565701922588656,-0.020322082110586726,-0.0052445683763188145
2023-04-26,1,0,1,0,0,0,0,-1,0,0,0.027247477137312792,0.0,-0.0,0.0,0.0,-0.0,-0.0013480697836194544,0.04306963495243776,-0.0,-0.0117469248369374
2023-04-27,1,1,1,0,0,0,0,0,0,0,0.010016459000108835,0.0,0.028395200338142468,0.0,0.0,0.0,0.0,-0.041886194740853755,0.0,0.0
2023-04-28,1,1,1,1,1,1,0,0,1,0,0.01920949475107525,0.007971797987500917,0.007541162911008703,-0.0,0.0,0.0,-0.0,0.0,-0.0,0.0
2023-05-01,1,1,1,1,1,1,1,0,1,1,0.04183936159352886,-0.00553285525160041,-0.0005304017157881091,-0.032242712137328766,0.011900697599123378,0.01827610742892838,-0.0,-0.0,-0.004712524706843357,0.0
2023-05-02,1,1,1,1,1,0,1,0,0,0,-0.02421305763463988,-0.0004910589697373346,-0.006191364632010643,0.015482549283793778,-0.01620200362400115,-0.04014409288878351,-0.01753721030040767,-0.0,-0.01606169131790469,-0.013053965838467074
2023-05-03,0,1,0,1,1,0,0,0,0,0,-0.014462903585740206,-0.003306981250932095,-0.006467275209750101,0.00019303553981586674,-0.009237639343816273,0.0,0.0008544162649812836,0.0,0.0,-0.0
2023-05-04,0,1,0,1,0,0,0,0,0,0,-0.0,0.0033179536614820204,-0.0,0.0033767339022539034,-0.014808190340441119,-0.0,-0.0,0.0,-0.0,-0.0
2023-05-05,0,1,0,1,0,1,0,0,1,1,0.0,0.01715741002574367,0.0,0.015961573674128537,-0.0,0.0,0.0,0.0,0.0,0.0
2023-05-08,1,1,1,1,0,1,1,0,1,1,0.0,-0.006438103284257868,-0.0,0.0016089169321718,0.0,-0.0016822082167181618,0.0,0.0,0.01906511873092942,0.006977923093593574
2023-05-09,1,1,1,1,1,0,1,0,1,1,-0.019896243222011556,-0.005346058992518166,-0.009971158967457705,0.00746481056277859,0.0,-0.016771046929479283,-0.0038972487522338506,-0.0,-0.0027715944708911477,-0.003894092948450445
2023-05-10,1,1,1,1,1,0,1,0,1,1,0.010990104910345133,0.01729656163434723,0.01042076305534434,0.03348339526223332,-0.0012426622141610277,0.0,0.040987542969374235,-0.0,0.040207584079195335,-0.005786945273706601
2023-05-11,1,1,1,1,1,0,1,0,1,1,-0.01062830658023095,-0.007044311774276002,0.0010947739720825744,0.01805969525073481,0.011626882936323746,0.0,0.043131883523470416,0.0,0.04114707117640948,-0.0010835493251154515
2023-05-12,1,1,1,1,1,1,1,0,1,1,-0.008328226406247308,-0.0036762076112264452,-0.0054175532674051174,-0.01711533396079623,-0.00839728728670397,0.0,0.008063842775231311,-0.0,0.0087253563584333,-0.0004649901042992344
2023-05-15,1,1,1,1,1,1,1,0,1,1,0.021630304532105127,0.0015860058520404952,-0.0028975185214358268,0.008525256609829501,0.021598796881415527,0.013705133011786108,-0.008509837405511922,-0.0,-0.008141120043379746,0.0032249327930025107
2023-05-16,1,1,1,1,1,1,1,0,1,1,0.008979987407658818,0.0073676574255443494,0.0,0.01978421437062372,-0.00016750204508686473,0.0025633695657010236,0.02574895853347159,0.0,0.02676135566927207,0.0006800025392799114
2023-05-17,1,1,1,1,1,1,1,1,1,1,0.03303331029384293,0.009451737547296668,0.00360328128593701,0.018518504813616277,0.015367255115630751,0.02499066643071557,0.01112860363982593,0.0,0.011574666198184147,0.011243288489382275
2023-05-18,1,1,1,1,1,1,1,1,1,1,0.049705038772070775,0.014394784449959008,0.013666001937007843,0.022943736154795724,0.017980105298966542,0.031073649157280503,0.016468145732231765,0.01742780840135616,0.016792854362841947,0.007239057427369966
2023-05-19,1,1,1,1,1,1,1,1,1,1,-0.01306894321584362,-0.0005651723985354851,0.0006285324098758149,-0.01608126535201726,-0.004901780601517247,0.006416823740486466,-0.0005699438280424296,0.018373000232992265,-0.0021858244298156304,0.0019104950999373482
2023-05-22,1,1,1,0,1,1,1,1,1,1,-0.0028147023919750103,0.008921394466798738,-0.005480855147997676,-0.010666648290490577,0.010910252299584533,-0.005686986378214742,0.018654293173882452,0.04846228354123516,0.021257569262514986,-0.0038137041368085933
2023-05-23,0,0,0,0,1,1,1,1,1,0,-0.015653168460019073,-0.018432239470943856,-0.015154840587381146,-0.0,-0.006362729756482444,0.011984785421215394,-0.019912114798853797,-0.01641335799687571,-0.02049731781592712,-0.018290704104578448
2023-05-24,0,0,0,0,1,1,0,0,0,0,-0.0,-0.0,0.0,0.0,0.010010591565897897,-0.010153088804222832,-0.013544378997158435,-0.015449266889003499,-0.013383150053336346,-0.0
2023-05-25,0,0,0,1,1,1,0,0,0,0,0.0,0.0,0.0,-0.0,0.013964068000557717,0.0725059163579369,0.0,0.0,0.0,-0.0
2023-05-26,1,1,1,1,1,1,0,0,0,1,0.0,0.0,0.0,0.04443478791610045,0.03700190560348515,0.11516204946927466,0.0,0.0,0.0,0.0
2023-05-30,1,1,1,1,1,1,1,1,1,1,0.02991289952744447,-0.0050468634657442335,0.010659619180331203,0.01290486257498391,0.001831749496538304,-0.011553763773545889,-0.0,0.0,-0.0,0.004959439512228991
2023-05-31,0,1,1,1,1,1,1,1,1,1,-0.05676734201286604,-0.008513996887539399,-0.0002819522618271453,-0.00887721353399118,0.008380207145405327,0.0057510931378446095,-0.006468807302977164,0.013770078361723614,-0.010189342550436908,-0.0034452213312934354
2023-06-01,0,1,1,1,1,1,1,1,1,1,0.0,0.012758857962630543,0.01602253886576399,0.01816217265513176,0.029804909921441247,-0.02229080029944075,0.0069178775880536225,0.017604137329555458,0.008105751975645559,0.006353583624754355
2023-06-02,0,1,1,1,1,1,1,1,1,1,-0.0,0.008479299441088495,0.004775304603656494,0.01205508998453797,0.0,0.027912946929074423,0.00767860017935873,0.031081326211682914,0.006914802383526819,0.01968313928339227
2023-06-05,1,1,1,1,1,1,1,1,1,1,-0.0,0.0016100928274602744,-0.007571193855868019,0.008450728786783213,-0.004474918257191152,-0.011945698431588991,0.010748474903957916,0.017011727666879306,0.011179393401683946,-0.002731651038156091
2023-06-06,1,1,1,1,1,1,1,1,1,1,-0.013198398867422134,-0.006727475114450154,-0.002060214558213702,0.010454888481148839,-0.0009948608473322462,-0.015330766904001702,0.010316553751028135,0.017002881015874438,0.010108258880570098,0.014699669143669825
2023-06-07,1,0,0,0,0,1,0,1,0,1,-0.03040128631272987,-0.030867883797647377,-0.007756282769842748,-0.04249267220189956,-0.02773672597115917,0.0033290342857801303,-0.03778180614433302,0.014730512862447087,-0.038855428379596546,0.006028642642834425
2023-06-08,1,0,0,0,0,1,0,1,0,1,0.027618528610354298,0.0,0.0,0.0,0.0,0.0145969949253002,-0.0,0.045820870777622646,-0.0,0.0015801048180776878
2023-06-09,1,0,0,0,0,1,0,1,0,1,0.006751524624152072,0.0,0.0,-0.0,0.0,0.0005222139037706075,0.0,0.0406199151040636,0.0,-0.001964588891583796
2023-06-12,1,1,1,1,1,1,1,1,1,1,0.01836479102052868,0.0,0.0,0.0,0.0,0.06306095058185512,0.0,0.02221770896144215,0.0,-0.0050404199300195796
2023-06-13,1,1,1,1,1,1,1,1,1,1,0.03900494458969539,0.007352766466572902,-0.0026115811016861334,0.0007111003199982147,0.0009961087977827798,-0.004957129180445663,0.0015367137141431009,0.035544128242966044,0.0006433150828044631,0.008363334813777268
2023-06-14,1,1,1,1,1,1,1,1,1,1,0.048145010850559,0.009123756302008346,0.0034913379803704903,-0.001894879884926648,0.007481885193787008,0.04119291392058688,-0.0012921021959285683,-0.007421371317580694,-0.00040176713334949543,-0.0014567042141998554
2023-06-15,1,1,1,1,1,1,1,1,1,1,-0.008000558246615608,0.03189648215152863,0.011198666835761317,0.005458016543269828,0.031022483858861305,-0.003103086337737926,0.011482150044972661,-0.0034659239799892383,0.01133626442307989,0.011670180110043171
2023-06-16,1,1,1,1,1,1,1,1,1,1,0.000914198509681885,-0.016575711946050564,-0.005859905410048216,-0.012744888197649074,-0.0029449503471348226,-0.017341722899597234,-0.01247103891199719,0.01813214052015355,-0.01375317960028788,-0.004443557568946543
2023-06-20,1,0,1,1,1,1,0,1,0,1,0.02614088401964354,-0.012502557223776356,0.0004866843885531491,0.002310948445805039,0.01185043632155236,-9.218111913888993e-05,-0.0034809425005510874,0.05338912722001776,-0.0016926650952172606,0.0010641597107348133
2023-06-21,1,0,0,1,1,0,0,0,0,1,-0.017417032239063213,-0.0,-0.00567525028952931,-0.00755284590127181,-0.009460637607060396,-0.018264202507430105,-0.0,-0.054618400747766804,-0.0,-0.00017724650483319504
2023-06-22,1,0,0,1,1,0,0,0,0,1,-0.00046459813635757463,0.0,0.0,0.04261789623803569,0.011503954814948703,-0.0,0.0,0.0,0.0,-0.0048728447708689115
2023-06-23,0,1,0,1,1,0,1,0,1,0,-0.018965639157521585,-0.0,-0.0,-0.006300361919969633,0.013514369964972017,-0.0,-0.0,-0.0,-0.0,-0.005074761094615243
2023-06-26,0,1,1,0,0,1,0,1,0,0,-0.0,-0.019163082642357554,-0.0,-0.01546431587167707,-0.035534736971289504,-0.0,-0.03269578590522826,-0.0,-0.03194603419831421,-0.0
2023-06-27,0,1,1,0,0,1,0,1,0,0,0.0,0.018168222992368088,0.015059047970563233,0.0,0.0,0.03258144979525057,-0.0,0.03800042956291749,-0.0,0.0
2023-06-28,1,1,1,0,0,1,0,1,0,1,-0.0,0.0038258014693608455,0.0063277508634849156,-0.0,-0.0,-0.0005422625466703357,0.0,0.0240996896954786,0.0,-0.0
2023-06-29,1,1,1,1,1,1,1,1,1,1,-0.007174781148378995,-0.0023822323346190943,0.0017967003912824353,-0.0,-0.0,0.017253750056004158,-0.0,0.004917303362650394,-0.0,0.0082597929553756
2023-06-30,1,1,1,1,1,1,1,1,1,1,0.03625499658361653,0.016385605172059003,0.023102484273904267,0.019233769000189582,0.019358570921875984,0.005634279559404876,0.005037880207379608,0.016582481606492783,0.007999275941127815,0.012139729581887249
2023-07-03,1,1,1,1,1,1,1,1,1,1,0.0026239490622887995,-0.007487929266953741,-0.007784684629075889,-0.0010739443770555468,-0.0033451228656438126,0.010387070273289556,0.001670854338275296,0.06895373445427366,-0.0033893166959740872,0.0029325513196480912
2023-07-05,1,1,0,1,1,1,1,1,1,1,-0.002263373596686824,0.00047309919928584243,-0.005871394031795596,0.0012287180203460757,0.029193827510392012,-0.016635613676693417,0.015429509855403811,0.009506123909958086,0.017169941553920598,-0.0012865568462171462
2023-07-06,1,1,0,1,1,0,1,1,1,1,-0.0050569652795944275,0.009226993175665887,0.0,-0.015493205988729275,-0.008085060974878266,-0.016081440383652557,-0.013470247981128503,-0.021028045208104085,-0.01386284349152378,-0.00029279220116651405
2023-07-07,1,1,0,1,1,0,0,1,0,1,0.009500400738374104,-0.01186762287327714,-0.0,0.011062622017709689,-0.005000259219730685,-0.0,-0.005245145255391326,-0.007630056425625198,-0.00653269858833927,-0.0016400092913005926
2023-07-10,1,0,1,0,1,0,0,0,0,1,-0.007599493678434821,-0.01598356030309933,-0.0,-0.020419182854096718,0.012287991301405121,0.0,-0.0,-0.01756370459810941,-0.0,0.000674716897759664
2023-07-11,1,0,1,0,1,1,0,0,0,1,0.005334390365083097,0.0,-0.0028099676546954333,0.0,0.014246675514699048,0.0,0.0,0.0,0.0,0.006566382910657476
2023-07-12,1,0,1,0,1,1,1,0,1,1,0.035302339038203456,0.0,0.008985405238232325,0.0,0.03704449821755751,0.008956309932892648,0.0,0.0,0.0,0.0057664065424598565
2023-07-13,1,1,1,1,1,1,1,1,1,1,0.04726448382081472,0.0,0.004057474753896839,0.0,0.01315708104952118,0.00046064613132368315,0.047170595574169694,0.0,0.0435546061755423,-0.005241052632416143
2023-07-14,1,1,1,1,1,1,1,1,1,0,-0.011049105882649846,0.007529388359384992,0.0007873239786753139,0.002829408900884234,-0.014485794701934895,-0.001999248393560471,0.007066047565577271,0.012522529912772917,0.006969380410906334,-0.007131664860254183
2023-07-17,1,1,1,1,1,1,1,1,1,0,0.021817124620626682,0.001419435184206952,0.017305559039254348,-0.008315972513331604,0.005665748852201613,0.024499954545949443,-0.006139364317255591,0.03198521516746822,-0.005091492375105755,0.0
2023-07-18,1,1,1,1,1,1,1,1,1,0,0.022233622450723356,0.03979972903206219,-0.001340329047122446,-0.005465676406731013,0.004603879801499344,-0.0076014986130001905,-0.0071400521575830656,0.010193509901870401,-0.007836207495958925,0.0
2023-07-19,1,1,1,1,1,1,0,1,0,1,-0.008779923465114803,-0.012267488978110808,0.00707173678618811,0.019046892602732513,0.012690347338074615,-0.0022802695090329284,-0.01397871034010667,-0.007090702250741598,-0.010477020344675458,-0.0
2023-07-20,0,0,1,0,0,0,0,0,0,1,-0.03307353825842563,-0.023121524233096435,-0.01009745057601541,-0.03989357175040831,-0.04268871240577121,-0.014455660917724766,-0.0,-0.09737009860008494,-0.0,0.012206853269827178
2023-07-21,0,0,0,0,0,0,0,0,0,1,-0.0,-0.0,-0.006161556349408515,0.0,-0.0,0.0,0.0,-0.0,0.0,-0.0024522536045099574
2023-07-24,0,0,0,0,0,0,1,0,1,1,0.0,0.0,0.0,-0.0,-0.0,0.0,0.0,0.0,0.0,0.01119272040688224
2023-07-25,1,1,0,1,1,1,1,1,1,1,0.0,0.0,0.0,0.0,0.0,0.0,0.00559517155076894,-0.0,0.007466434260512633,-0.005863393535786465
2023-07-26,1,0,1,1,1,0,1,1,1,1,-0.004969482146650495,-0.037637479513507155,0.0,-0.007589335934878205,0.01392325167910613,-0.02712450095471397,0.05776949992724045,-0.0035057022016762307,0.05594928026639079,0.006387022574562362
2023-07-27,1,0,1,1,1,0,1,0,1,1,0.009856494989363807,-0.0,-0.006580947759602163,0.0007803832093540297,0.044009840801727984,0.0,0.001005490023066935,-0.032683938680391544,0.0016194995902669707,-0.0014007725885485378
2023-07-28,1,0,1,1,1,0,1,0,1,1,0.0185185339193894,0.0,0.013507728540962605,0.030877245332297854,0.04417559832348461,0.0,0.024574971967170844,0.0,0.024177978998054295,0.0014313933282603664
2023-07-31,1,1,1,1,1,1,1,0,1,1,-0.00044925269484252794,-0.0,0.0031660963202373438,0.011118568090654923,-0.02113786608316881,-0.0,0.0010560599449893626,0.0,0.0007519321537738932,0.006146176242788126
2023-08-01,1,1,1,1,1,1,1,0,1,1,-0.004750805517917178,0.0012503353403079398,-0.004275839308803486,-0.014886223394710907,0.01290005966699237,0.023757845847477643,-0.00881544849148419,-0.0,-0.00916540996370585,0.0008524216326593059
2023-08-02,0,0,0,0,0,0,0,0,0,1,-0.04812183779398538,-0.02628286142199454,-0.01549002609159511,-0.026425663778747666,-0.02602949198417359,-0.030108606876756983,-0.024097408530300624,-0.0,-0.02464159016027756,-0.0030375498056980366
2023-08-03,0,0,0,0,0,0,0,0,0,1,0.0,-0.0,-0.0,0.0,-0.0,-0.0,0.0,0.0,0.0,0.007460335143295138
2023-08-04,0,0,0,0,0,0,0,0,0,0,0.0,0.0,-0.0,0.0,-0.0,-0.0,-0.0,-0.0,-0.0,-0.01079677609614782
2023-08-07,1,1,0,1,1,1,1,0,1,0,0.0,0.0,-0.0,0.0,0.0,0.0,0.0,-0.0,0.0,0.0
2023-08-08,1,1,1,1,1,1,1,0,1,0,-0.016579785072906694,-0.01229901848214654,0.0,-0.016031491771390738,-0.0123831609807048,-0.015494956263239379,-0.0009883302043802722,-0.0,-0.0007577972598898919,0.0
2023-08-09,0,0,1,0,0,0,1,0,1,1,-0.04724166980683542,-0.01171581747229955,-0.008954429284173449,-0.01493494570121734,-0.023765299327625167,-0.0367205196764081,-0.01324183043371352,-0.0,-0.012818793268015605,-0.0
2023-08-10,0,0,1,0,0,0,1,0,1,1,-0.0,0.0,-0.0012346534199094705,0.0,0.0,-0.0,0.0002314202317685865,0.0,0.0004614275380521171,-0.002904804366395397
2023-08-11,0,0,0,0,0,0,1,0,1,1,-0.0,-0.0,0.0003375891470724923,-0.0,-0.0,-0.0,-0.0010025889849553105,-0.0,-0.00030747648058593313,0.0038377362177850483
2023-08-14,0,0,0,1,1,0,1,0,1,1,0.0,0.0,0.0,0.0,0.0,0.0,0.013661488283147838,-0.0,0.012752632264108943,0.00036278744411388786
2023-08-15,0,0,0,1,1,0,1,0,1,0,0.0,-0.0,-0.0,-0.020630355012962953,-0.0138476042496406,-0.0,-0.011802216360863982,-0.0,-0.011833387911976523,-0.011102462799466695
2023-08-16,0,0,0,0,0,0,0,0,0,0,-0.0,-0.0,-0.0,-0.018885675014943426,-0.02536853969970132,-0.0,-0.00832176907262483,-0.0,-0.008904575103584,-0.0
2023-08-17,1,0,0,0,0,0,0,0,0,0,-0.0,-0.0,-0.0,-0.0,-0.0,-0.0,0.0,-0.0,0.0,-0.0
2023-08-18,1,0,0,0,0,0,0,0,0,1,-0.0010381567521581259,-0.0,0.0,-0.0,-0.0,-0.0,-0.0,-0.0,-0.0,-0.0
2023-08-21,1,0,0,1,1,1,1,0,1,1,0.08471339735899441,0.0,0.0,0.0,0.0,0.0,0.0,0.0,0.0,-0.0013331098932317653
2023-08-22,1,0,0,1,1,1,1,0,1,1,-0.02765784243828684,0.0,0.0,-0.0031926989840012077,-0.007933808701631517,-0.010807594827839329,0.005531027336294514,0.0,0.005894691536484142,-0.004317046861544993
2023-08-23,1,1,0,1,1,1,1,0,1,1,0.03170730035573044,0.0,0.0,0.009459994580714559,0.023087683380139223,0.024293299331641816,0.02548800551143482,0.0,0.02714166847122268,0.010525722007911575
2023-08-24,1,0,0,0,0,1,0,0,0,1,0.0009973356312291681,-0.021498368188045958,-0.0,-0.027154721211281152,-0.025455453920931292,-0.025234464169065496,-0.019566417946654258,-0.0,-0.02094452418283843,0.00011284939378342074
2023-08-25,1,0,0,0,0,0,0,0,0,1,-0.02427739713720445,0.0,0.0,0.0,-0.0,-0.0030893833411900218,0.0,0.0,0.0,0.004600634882790278
2023-08-28,1,0,0,0,0,0,0,0,0,1,0.017753850523473336,0.0,0.0,-0.0,0.0,0.0,0.0,0.0,0.0,-0.0010676393971627007
2023-08-29,1,1,0,1,0,0,1,1,1,1,0.04161420837472729,0.0,0.0,0.0,0.0,0.0,0.0,0.0,0.0,0.007706429042401153
2023-08-30,1,1,1,1,0,1,1,1,1,1,0.009839241424408396,0.0011570923336479133,0.0,0.0011860029483812262,-0.0,0.0,0.009734586020639924,-0.0010887269121663268,0.01062792872124918,0.007731136642412428
2023-08-31,1,1,1,1,0,1,1,1,1,1,0.0018471839065719031,-0.0031326076959321547,0.0011725542493143948,0.021766395374215985,0.0,0.03430548077407902,0.0021343203943269273,0.004593198535678855,0.00306736867922508,-0.0023818350340041317
2023-09-01,1,1,1,1,1,0,1,0,1,1,-0.017141049528092145,0.0027457820885636863,0.00846325883074961,0.0007970481467276525,0.0,-0.0545786188082481,-0.0037452714453009017,-0.05064318329763218,-0.004004389168462907,0.006274234235028153
2023-09-05,1,1,1,1,1,0,1,0,1,1,0.0008039940175352811,0.014878633062523017,0.0012667521794871295,-0.006154002858205887,0.012720210992701597,-0.0,0.0008107849460599059,0.0,-0.0006579900476056944,-0.005490234181119602
2023-09-06,0,1,0,0,1,0,1,0,1,1,-0.030549480843052423,-0.0020086369158451856,-0.03579343298362481,-0.013914209970579572,-0.003265045233500463,0.0,-0.009648547665158547,-0.0,-0.00980161781759259,0.0033290210085930028
2023-09-07,0,1,0,0,1,1,1,1,1,1,-0.0,-0.008922309057626143,-0.0,0.0,-0.0016713297766428603,-0.0,0.005949533177377342,-0.0,0.0061312102137809354,0.00035937279953768275
2023-09-08,0,1,0,0,1,1,1,1,1,1,-0.0,0.013215686955721617,0.0,0.0,-0.002611635249869071,0.0006065523624292357,0.008280515452687487,-0.01188916230408743,0.007342305733511578,0.0037313602793378475
2023-09-11,1,1,1,1,1,1,1,1,1,1,-0.0,0.010979319123745057,0.0,0.0,0.032461632293636855,0.0018542335428060053,0.003959296026013526,0.10092549928477124,0.0039357580550178906,0.0065262154950305185
2023-09-12,1,0,1,1,0,1,1,1,1,1,-0.006817494786740874,-0.01825777230391512,-0.017060751329042945,-0.013067856717097759,-0.01918318178487277,-0.017016920700250515,-0.011539519349961891,-0.022296863386701782,-0.012124152661708854,0.006182999106898235
2023-09-13,1,0,0,1,0,1,1,1,1,1,0.013706211566306248,0.0,-0.011854738054084102,0.025632022130484877,0.0,0.009958218158750975,0.010122732885860852,0.014281354305895722,0.010509124267870984,0.0001087839062881013
2023-09-14,1,0,0,1,0,1,1,1,1,1,0.0021107537756588357,0.0,0.0,-0.0008975138235036706,0.0,0.021936055740923832,0.010167501755439678,0.017471511114000693,0.010836481487668248,0.00456743146737093
2023-09-15,0,1,0,0,1,1,1,1,1,1,-0.036879606161542955,-0.0,-0.0,-0.029919857618376344,-0.0,-0.022899353297320957,-0.005069017426325817,-0.005977372284481253,-0.004964441564157762,-0.004438469955175939
2023-09-18,0,1,1,0,1,0,1,1,1,1,0.0,-0.003512944272816454,0.0,-0.0,0.007458794325349238,-0.001972388409334336,0.005895360866934096,-0.033200974462619715,0.004772259044797167,0.006986373692595471
2023-09-19,0,1,1,0,1,0,1,0,1,1,-0.0,-0.0012459336528797271,0.0061807880950697225,-0.0,0.00832915872340556,-0.0,-0.0012299228763653636,0.004598918977371191,-0.0009356565062677014,0.00013502770168671852
2023-09-20,0,0,0,1,1,0,0,0,0,0,-0.0,-0.023976934998950483,-0.01999208893503246,-0.0,-0.017700851057619427,-0.0,-0.031150447954293448,-0.0,-0.030540839657022922,-0.009879085385377073
2023-09-21,0,0,0,0,0,0,0,0,0,0,-0.0,-0.0,-0.0,-0.04405345369833069,-0.01314780731891707,-0.0,-0.0,-0.0,-0.0,-0.0
2023-09-22,0,0,0,0,0,1,0,1,0,0,0.0,-0.0,0.0,-0.0,0.0,0.0,-0.0,-0.0,-0.0,-0.0
2023-09-25,0,1,1,0,0,1,1,1,1,1,0.0,0.0,0.0,0.0,0.0,0.005801623465711003,0.0,0.008616467528091087,0.0,0.0
2023-09-26,0,0,0,0,1,0,0,1,0,1,-0.0,-0.017005517588942642,-0.023398434235575194,-0.0,-0.0,-0.02122574734365057,-0.019372904745119546,-0.011619945391094011,-0.02057963366352744,-0.0063309780803446625
2023-09-27,0,0,0,0,1,0,0,0,0,0,0.0,0.0,-0.0,0.0,-0.004081015983380176,0.0,0.0,-0.014828753029631048,0.0,-0.004562947490867053
2023-09-28,0,0,0,0,1,0,0,0,0,0,0.0,0.0,0.0,0.0,0.020890795680574392,0.0,0.0,0.0,0.0,-0.0
2023-09-29,0,1,0,0,1,0,1,0,1,0,0.0,0.0,0.0,0.0,-0.012337137301679624,-0.0,-0.0,0.0,-0.0,-0.0
2023-10-02,0,1,0,0,1,1,1,1,1,1,0.0,0.019160510987510815,0.0,0.0,0.022017878882999886,0.0,0.02529405749265279,0.0,0.025179930721661803,-0.0
2023-10-03,0,0,0,0,1,0,1,1,1,0,-0.0,-0.026134095326693974,-0.0,-0.0,-0.019164398748713785,-0.024097205077622696,-0.012968790758999371,-0.020151062008054166,-0.013834163930245058,-0.014479367449347413
2023-10-04,0,0,0,0,1,0,1,1,1,0,0.0,0.0,0.0,0.0,0.015418361514417889,0.0,0.021219143008726293,0.05934371052307452,0.022280453091277685,0.0
2023-10-05,1,0,1,0,1,0,1,1,1,0,0.0,0.0,0.0,-0.0,-0.0025851360555085856,0.0,-0.0012571601381853315,-0.00425032873937603,-0.0020547037100339116,0.0
2023-10-06,1,1,1,0,1,1,1,1,1,1,0.02403331251813423,0.0,0.014750550401560591,0.0,0.03490934617561847,0.0,0.018583117220374312,0.001845841218459432,0.02014840820378816,0.0
2023-10-09,1,1,1,0,1,1,1,1,1,1,-0.010685812393320337,0.00782255583584579,0.008451139996715096,0.0,0.009288809943809317,0.012564025367386655,0.006105408756513109,-0.003300907210654902,0.005550378991660443,-0.0025696833754975668
2023-10-10,1,1,1,0,1,1,1,1,1,1,0.011596355602124353,-0.004335738278183232,-0.003352126706601788,0.0,0.010930928161986042,0.0029562228935209323,-0.002600741118537364,0.015211543440507347,-0.00215051892405993,0.009002707314129887
2023-10-11,1,1,1,0,1,1,1,1,1,0,0.02200973630337999,0.012272038825280163,0.007904079320299351,0.0,0.01858094457849635,0.018813645465735718,0.018035652204492214,-0.002389822071472425,0.01795983425834491,-0.0003729770591092141
2023-10-12,1,1,1,0,1,1,1,1,1,0,0.0029695780328695687,-0.0037905053413825884,0.0050611547992316375,0.0,-0.011164842295829813,0.035492312446917085,-0.011241593919364412,-0.015665976919941982,-0.009950523314020687,-0.0
2023-10-13,0,1,1,0,0,0,0,0,0,0,-0.03161141872169504,-0.010357194205202092,-0.010292685068853613,-0.0,-0.029213903124317375,-0.024757133568395706,-0.011585320889541562,-0.02993780718577166,-0.012189049468781743,-0.0
2023-10-16,0,1,0,0,0,0,0,0,0,0,0.0,0.014981627420631582,-0.000727121037481071,0.0,0.0,0.0,0.0,0.0,0.0,0.0
2023-10-17,0,1,0,1,0,0,0,0,0,0,-0.0,-0.0017436936150398985,-0.0,-0.0,0.0,-0.0,0.0,0.0,0.0,-0.0
2023-10-18,0,1,0,0,1,1,1,0,1,0,-0.0,-0.005872436342291842,-0.0,-0.025405007278304192,-0.0,0.0,-0.0,-0.0,-0.0,-0.0
2023-10-19,0,1,1,0,1,1,1,0,1,0,-0.0,0.003665572744099066,-0.0,0.0,-0.013124204736392642,-0.021645424046904282,-0.0015221481577586404,-0.0,-0.0021542462366321846,-0.0
2023-10-20,0,0,0,0,0,0,0,0,0,0,-0.0,-0.01403485610883215,-0.014704136358335451,-0.0,-0.013298838285419667,-0.016362513009980928,-0.015607957708376086,-0.0,-0.01611711148641548,-0.0
2023-10-23,1,0,0,1,0,0,0,0,0,0,0.0,0.0,0.0,0.0,0.0,0.0,0.0,0.0,0.0,0.0
2023-10-24,1,0,0,1,0,0,0,0,0,0,0.01600932302880831,0.0,0.0,0.015802781594350668,-0.0,0.0,0.0,0.0,0.0,0.0
2023-10-25,0,1,1,0,1,1,0,-1,0,0,-0.04314871664237463,0.0,-0.0,-0.055771610960691276,-0.0,-0.0,-0.0,-0.0,-0.0,-0.0
2023-10-26,0,0,0,0,0,1,-1,-1,-1,0,-0.0,-0.03751432732173088,-0.02460546869441982,-0.0,-0.03732518204768043,-0.02692933587140045,-0.0,0.031352997455599385,-0.0,-0.0
2023-10-27,0,0,0,0,0,1,-1,-1,-1,0,0.0,0.0,0.0,0.0,0.0,0.014042959666587418,0.0008995019819764138,-0.00748448962886572,0.0003240288050219142,-0.0
2023-10-30,0,0,0,1,0,1,-1,-1,-1,1,0.0,0.0,0.0,0.0,0.0,0.0034471448520276837,-0.018744318424405382,0.04794984223383958,-0.019043780913167163,0.0
2023-10-31,0,1,1,1,1,1,-1,-1,-1,1,-0.0,0.0,0.0,0.002863308000901066,-0.0,0.00014264941247321694,0.0030531167004094195,-0.017632730628176496,0.0035784975673596175,0.011617862148751934
2023-11-01,1,1,1,1,1,1,0,-1,0,1,0.0,0.023542459461799448,0.018738564720501394,0.02937864429857373,0.03511786284933516,0.013751338774622868,-0.01910053063358297,-0.023999240251476817,-0.018116447356764986,0.007089952605796146
2023-11-02,1,1,1,1,1,1,0,0,0,1,0.027902882490128844,0.006501717201663038,0.02069339153813754,0.007810272439553012,-0.0031424491962508405,0.021525682356041242,0.0,-0.06248172039245192,0.0,0.015330877130681708
2023-11-03,1,1,1,1,1,1,0,0,0,1,0.03445507407450954,0.012861806680878995,-0.005181377273458132,0.0038386235328597973,0.011998704882254074,0.013060789126005057,0.0,0.0,0.0,0.007993835977149644
2023-11-06,1,1,1,1,1,1,0,0,0,0,0.01657600166095019,0.01057255555640424,0.014605259634474343,0.008225103459209127,0.0038141053576574713,-0.0020957645738592934,0.0,-0.0,0.0,-0.014723835910656624
2023-11-07,1,1,1,1,1,1,0,0,1,0,0.004458929146192503,0.011219157742530905,0.014450810650304069,0.02125376487729147,0.009563108651067243,0.01928854222526466,0.0,0.0,0.0,-0.0
2023-11-08,1,1,1,1,1,1,0,0,1,0,0.013469735040613884,0.007405965189884345,0.005884913222466093,-0.004414580990635519,0.003011147457619767,0.01482481956808912,0.0,-0.0,0.006495598161520233,0.0
2023-11-09,1,1,1,1,1,1,0,0,1,1,0.008073002377333882,-0.00691108050133693,-0.0026245160227158504,-0.010416636461610618,0.0024078315017259655,0.00027432173414609906,-0.0,-0.0,-0.011781342543419226,0.0
2023-11-10,1,1,1,1,1,1,1,0,1,1,0.029499504488061712,0.02489689632605674,0.023219986712804452,0.021052569890351647,0.02564345970745907,0.050626676862856934,0.0,0.0,0.017996499676029787,0.006835559000739844
2023-11-13,1,1,1,1,1,1,1,0,1,1,0.005896346171674782,-0.008088399808606206,-0.008583584695039836,-0.006756765374750118,0.0012775600256613728,-0.011059967847800167,-0.003771076294421638,0.0,-0.0031326924928145594,-0.0015688834915535965
2023-11-14,1,1,1,1,1,1,1,0,1,1,0.02130816671747282,0.00979058268797628,0.014285752351204106,0.02251214528584833,0.021628780218804433,0.027488786022033418,0.011582983739297337,0.0,0.013393949259567828,0.012113911362747087
2023-11-15,1,1,1,1,1,1,1,1,1,1,-0.015466254860444617,0.00040601100421167047,0.0030408980718319434,-0.017832688951265996,-0.010704406206842765,0.0025079448673444027,0.007484015060016613,0.0,0.0070150310588035225,0.007170101749955915
2023-11-16,1,1,1,1,1,1,1,1,1,1,0.012109165813108502,0.017583268932876983,0.009042082399532081,-0.0025837648398919777,0.004448364091033108,-0.016249792376240024,0.017159505611945347,-0.038090924639652135,0.01701116350212173,0.008604436035529073
2023-11-17,1,0,1,1,1,1,1,1,1,1,-0.0036781685449900348,-0.016800971269939735,-0.00010544708835447114,0.016453061783939793,0.0025434496019898223,0.018946413609746138,-0.011830964043707315,0.0030395424675642158,-0.01268932357797281,-0.0025843181060342113
2023-11-20,1,0,1,1,1,1,1,1,1,1,0.022536298066425875,0.0,0.00927829431568905,0.0065436854591447435,0.014714618553235415,0.01838945305227102,0.006947026059239247,0.005548455120893081,0.0071563342892613235,0.00668652368277356
2023-11-21,1,0,1,1,1,1,1,1,1,1,-0.009224607059195145,-0.0,-0.004230829110849932,-0.015260459261028925,-0.008794801100661997,-0.01457233911113276,0.005284436964965167,0.023769060694616817,0.0050754737788352156,-0.0009132554300185225
2023-11-22,0,1,1,1,1,0,1,0,1,1,-0.024587447105639426,0.0,0.003514437728304287,0.019527539517508297,0.013383471348644704,-0.009376518075306373,0.011097277963302066,-0.028980059381488954,0.010099797691506485,0.002216032667503365
2023-11-24,0,1,1,1,1,0,1,0,1,1,-0.0,-0.0011114902896166567,-0.007004259423033399,0.0002044767086364363,-0.009546293878531675,0.0,-0.01299724392663737,0.0,-0.012855411294929953,0.0024322966072516383
2023-11-27,0,1,1,1,0,0,0,0,0,1,0.0,0.0031262839158556766,-0.000947643870913395,0.006746559883569869,-0.01043674495352609,-0.0,-0.002048387305259025,0.0,-0.001229990288789895,-0.0036947070832454854
2023-11-28,1,1,1,1,0,1,0,1,0,0,-0.0,0.010802804821329559,0.0032140510486105,-0.00473835354015173,0.0,-0.0,0.0,0.0,0.0,-0.0035700685171745627
2023-11-29,1,1,0,1,0,1,0,1,0,0,0.006670815572973332,-0.01006017103025858,-0.005409633341865172,-0.0048288883967405605,-0.0,-0.005832957141958417,-0.0,-0.010457205813430348,-0.0,-0.0
2023-11-30,0,1,0,1,1,1,1,1,1,0,-0.028458761963337187,0.00015838852043081886,0.0,-0.001571972217158657,-0.0,-0.01604980841988002,-0.0,-0.016629792613843564,-0.0,0.0
2023-12-01,0,0,0,1,1,1,1,1,1,1,-0.0,-0.011612258096993622,0.0,0.006434406632690459,-0.007122054143041789,0.0046126530047609915,-0.005055419139667561,-0.005206597761023168,-0.004480247573428686,-0.0
2023-12-04,0,0,1,0,0,0,0,0,0,1,-0.0,-0.0,-0.0,-0.014894936132684111,-0.014777441277293968,-0.006483867383247577,-0.019641980554817917,-0.01360800559009756,-0.02017694424038141,-0.0011482444722306084
2023-12-05,1,0,1,0,0,0,0,0,0,1,0.0,0.0,0.021063239758828844,0.0,-0.0,-0.0,0.0,0.0,0.0,-0.004570192525306882
2023-12-06,1,1,1,0,0,0,0,0,0,0,-0.02282802177744203,-0.0,-0.0056870743883077335,-0.0,-0.0,-0.0,-0.0,0.0,-0.0,-0.007464140792597496
2023-12-07,1,1,1,1,1,1,1,1,1,0,0.02402041206606742,0.0058297067761268195,0.010139243876975623,0.0,0.0,0.0,0.0,0.0,0.0,0.0
2023-12-08,1,1,1,1,1,1,1,1,1,0,0.01952961566877498,0.008842221446980991,0.007412398761706518,0.0036764247561378305,0.018861557835269327,0.023897926081724696,-0.01416793905463598,0.0049455858525417895,-0.013073430813792863,0.0
2023-12-11,1,1,0,1,0,1,0,1,0,1,-0.018502917771201388,-0.00782950646220526,-0.01292736107047654,-0.010378502226973785,-0.022449084111511364,0.08995006925321936,-0.01259351981412471,-0.01681426716823431,-0.014197702849142568,0.0
2023-12-12,1,1,0,1,0,1,0,0,0,1,0.022090204334778818,0.008295189482829812,0.0,0.010898597193382598,0.0,0.04181725218460963,-0.0,-0.011387381846063915,-0.0,0.008289899387545985
2023-12-13,1,1,0,1,0,1,0,0,0,1,0.00904375651090894,-2.6506835130168938e-05,0.0,0.009221593773735215,0.0,0.016236449501695338,0.0,0.0,0.0,0.005583050460980621
2023-12-14,1,0,1,1,1,1,1,0,1,0,0.005448399691325045,-0.02254478473278132,0.0,-0.00954043404920335,-0.0,0.015417288880583468,-0.0,0.0,-0.0,-0.010800220079256517
2023-12-15,1,0,1,1,1,1,1,1,1,0,0.011168497521098164,0.0,-0.0027257323832883262,0.01729753821347546,0.005252604828603014,0.021012315948162774,0.005002451211573833,0.0,0.004804693483231537,-0.0
2023-12-18,1,0,1,1,1,1,1,1,1,0,0.02427891714443242,0.0,-0.008503303075585555,0.027338841569267247,0.028962030339166445,0.01527789963052717,0.024132532009261576,-0.005601570686174839,0.02502995676744013,0.0
2023-12-19,1,1,1,1,1,1,1,1,1,1,-0.009445457043222527,0.0,0.00536022189980101,-0.0018174467759756174,0.016656034043402546,-0.001900693472119186,0.006259315433972734,0.0203903496997484,0.006633201844391312,0.0
2023-12-20,0,1,0,1,1,1,1,0,1,0,-0.03009831672587704,-0.007073049890101379,-0.0107139179200747,-0.01085895208954335,-0.0030824899984716048,-0.025623355345090415,0.01236722875516727,-0.03918825045959673,0.011296129673040722,-0.017827479013470704
2023-12-21,0,1,0,1,1,1,1,0,1,0,0.0,0.007878744048755548,-0.0,0.011306871390431628,0.013771238964037646,0.015229003813895803,0.015035405352666897,0.0,0.015322946941928262,0.0
2023-12-22,0,1,0,1,1,1,1,0,1,0,-0.0,0.0027840968481689377,-0.0,-0.0027300973670256745,-0.0019769795225054176,-0.004710311165968539,0.007620087164238676,-0.0,0.006488084358531321,0.0
2023-12-26,1,1,1,1,1,1,1,1,1,1,0.0,0.00021367463172072831,-0.0,-6.514474615582078e-05,0.004074834031124519,0.008832439000792558,0.0002120711829467492,0.0,0.0007006664458493184,0.0
2023-12-27,1,1,1,1,1,1,1,1,1,1,0.002800479161604974,-0.0015746164208654267,0.0005178745224387882,-0.0004563413242133496,0.008454605432131501,-0.005053456744249951,-0.008126043235761049,0.018822405072142834,-0.009662728011638255,0.000336366446997971
2023-12-28,1,1,1,1,1,1,1,0,1,1,0.002124749708021678,0.003234447038646726,0.002226337190538441,0.0002609139551152939,0.0013693702475781055,-0.0033387629864120028,-0.0009973430090490787,-0.03159428430420175,-0.0011311685153244655,0.001736924207829782
2023-12-29,1,1,1,0,1,1,0,0,0,1,0.0,0.0020253400637075814,-0.005424027055111136,-0.009388462612883952,-0.012167798249966388,-0.0054881973750174895,-0.0038508132264100103,-0.0,-0.002477382817193785,-0.002544966421873962
